"ancestry","N","contrast","beta","SE","OR","p_wald","power_observed_wald"
"All",3482,"Global",1.06814212273481,0.158722481252902,2.90996811108934,1.70105728140102e-11,0.999999077300141
"All",3482,"Non-firstborns",0.799923524761625,0.201163070887082,2.22537073622728,6.99390836587554e-05,0.978127653016823
"All",3482,"Firstborns",1.47284769305521,0.239889650379806,4.36163807926827,8.26835315420016e-10,0.999985406868489
"White",1353,"Global",1.09347675703004,0.253166762483821,2.98463289797902,1.56598969515442e-05,0.990843588252789
"White",1353,"Non-firstborns",0.651804435857916,0.344871991627315,1.91900041993933,0.0587593671650733,0.472166045985972
"White",1353,"Firstborns",1.58201898508172,0.363250587196048,4.8647677963855,1.32962141443795e-05,0.99169454330542
"Black",715,"Global",1.50019615571214,0.381818321387405,4.482568265476,8.52701463512987e-05,0.975530331187485
"Black",715,"Non-firstborns",1.07904159538956,0.569635805502843,2.94185870857765,0.0581897449485113,0.473867085616865
"Black",715,"Firstborns",1.84475430940239,0.50271902615213,6.32654522676147,0.000242974584537615,0.956329096476495
"Hispanic",796,"Global",0.591194753663716,0.320507336946613,1.80614502521866,0.0651016882142994,0.454133178034419
"Hispanic",796,"Non-firstborns",0.368437680559818,0.378441251185788,1.44547455665659,0.330271884056912,0.163644675432773
"Hispanic",796,"Firstborns",1.17054324512301,0.578983263248744,3.22374344583146,0.0432050718738834,0.524656475226604
"Asian",618,"Global",1.56784415472375,0.497496790866645,4.79629696580407,0.00162453149745313,0.883271850575397
"Asian",618,"Non-firstborns",1.39578253513889,0.544253913376512,4.03813331777314,0.0103300853442572,0.727285843545166
"Asian",618,"Firstborns",2.16245012376758,0.901635012621074,8.69240906708315,0.0164684324945129,0.669458854921783
