"term","label","final_OR","final_lo","final_hi","final_p","int_OR","int_lo","int_hi","int_p"
"(Intercept)","(Intercept)",0.0307321352042559,0.0206046199646896,0.0450079710696129,1.99951045522049e-68,0.0321148335184396,0.0210219286752056,0.048047658110456,7.62403381688964e-60
"`Maternal age at OGTT`","Maternal age at OGTT",1.09979621578571,0.944559435833159,1.28036497814495,0.219981128824596,1.1000271153638,0.944665585284694,1.2807675771581,0.219268662706501
"`Maternal BMI at OGTT`","Maternal BMI at OGTT",1.05457057479999,0.839812751238557,1.31718733165329,0.643006495579166,1.05974723072236,0.843053709686757,1.32486738057092,0.614243697157656
"EthnicityBlack","Ethnicity - Afro-Caribbean",1.89417750116666,1.25449972151287,2.85177441680443,0.0022627555518624,1.65935412384143,1.04260261512529,2.63335465516767,0.0318359121970696
"EthnicityAsian","Ethnicity - Thai",0.780331239417808,0.470378510153314,1.26964589631991,0.326364723410207,0.684282156751776,0.361146024932655,1.24945358276126,0.229004202178501
"EthnicityHispanic","Ethnicity - Hispanic",1.12885968960299,0.748181997036153,1.69303961702061,0.560063270920348,1.13387215797003,0.706921110286526,1.80879717048618,0.599431355880328
"`1st time pregnant`TRUE","1st time delivery",0.507026706435375,0.342917072156874,0.740845169279621,0.000536989212637034,0.504612819586778,0.339789021602937,0.740741694290741,0.000570017058175361
"`Cesarean Section`1","Cesarean Delivery",2.22537073622726,1.49357272016526,3.29007936572021,6.99390836587638e-05,1.95905870928202,1.10411404561039,3.45240733259038,0.0205863864782905
"`Maternal GDM`","Maternal GDM",1.13039871490752,0.994476281808149,1.28220416195708,0.0584637164954112,1.12946836075032,0.993602745292667,1.28123957945825,0.0603049733867904
"`Age of gestation at delivery`","Age of gestation at delivery",0.823680263866347,0.709226923084127,0.955671986623727,0.010741672653371,0.823107928551604,0.7088519925154,0.954871084393948,0.0103822497908742
"Birthweight","Birthweight",2.34398651803316,1.88708217058576,2.91929274451043,1.89750628873773e-14,2.34890607277295,1.88972451071919,2.92708910885648,1.94783425223669e-14
"`Neonatal sex (female)`2","Neonatal sex (female)",2.33365506213074,1.76942275282679,3.09454026675066,2.71452654388698e-09,2.33620905293493,1.77058637865955,3.09944633672078,2.7505054048997e-09
"m_HbA1c_percent","Maternal HbA1c at OGTT",1.17966628987322,1.0129725177087,1.37442290719836,0.0337461177490657,1.18439435458805,1.01605962144762,1.38137120313381,0.0307528210150375
"b_N_HCMn","Neonatal head circumference",0.874935088148569,0.724595525334319,1.04810604957732,0.15930201777977,0.870435694336343,0.72011899130938,1.04420099273138,0.146518397932128
"b_N_LNGMn","Neonatal length",0.840175247831198,0.698445622155124,1.01212193988402,0.0658577986438586,0.838447983190467,0.69606101591387,1.01153621814681,0.0647408802519108
"HOMA2_IR","HOMA2-IR at OGTT",1.35070396822713,1.18015622958755,1.54290455466563,1.06778912473446e-05,1.36245976130801,1.18875197622195,1.55828067421271,7.24145566869138e-06
"WtMgain.till.OGTT","Maternal weight gain (till OGTT)",1.1585193862983,1.02233011780323,1.31462280147397,0.0217276593972671,1.16089882252098,1.02368199334161,1.31811127306282,0.020617762717911
"b_CordPGC_mmol.L","Neonatal Cord PG concentration",1.96575059920764,1.68345216829887,2.30018412446105,1.82459286472821e-17,1.98094282298087,1.6939424391887,2.32170720152512,1.6357116814174e-17
"`1st time pregnant`TRUE:`Cesarean Section`1","1st time delivery * Cesarean Delivery",1.95996020270432,1.09198134491775,3.52849572022674,0.0243488719102951,1.98245381889667,1.07511260212586,3.662852657075,0.0284708601754147
"`Cesarean Section`1:b_CordPGC_mmol.L","Cesarean Delivery * Neonatal Cord PG concentration",1.25085310216939,0.970830576051257,1.62122226788083,0.0867556006542468,1.21778246856186,0.934964755793977,1.59846452999648,0.149318694964172
"`Maternal BMI at OGTT`:EthnicityBlack","Maternal BMI at OGTT * Ethnicity - Afro-Caribbean",1.13909490832696,0.830283064599284,1.56783002339105,0.42081429740663,1.12646576650175,0.819157062726332,1.55345334453032,0.464634476855215
"`Maternal BMI at OGTT`:EthnicityAsian","Maternal BMI at OGTT * Ethnicity - Thai",0.844842491280087,0.490364259341026,1.42904564565781,0.534601408820292,0.824638638042084,0.47439044844669,1.40279115238636,0.483511577919179
"`Maternal BMI at OGTT`:EthnicityHispanic","Maternal BMI at OGTT * Ethnicity - Hispanic",0.887703388477392,0.65028764437311,1.21092286860853,0.451803267142862,0.880131683933556,0.643652097401517,1.20242332920198,0.422372007956982
"EthnicityBlack:`Cesarean Section`1","Cesarean Delivery * Ethnicity - Afro-Caribbean",NA,NA,NA,NA,1.73673889880867,0.761236348284297,3.87522551053241,0.182509201118243
"EthnicityAsian:`Cesarean Section`1","Cesarean Delivery * Ethnicity - Thai",NA,NA,NA,NA,1.40010393606476,0.548425748290284,3.51758906991758,0.476292898382376
"EthnicityHispanic:`Cesarean Section`1","Cesarean Delivery * Ethnicity - Hispanic",NA,NA,NA,NA,0.939360623115626,0.445722221219745,1.95548168879292,0.868053877191097
