"figure","term","label","est","lo","hi","p"
"SuppFig1","(Intercept)","(Intercept)",0.0327562374878219,0.0220669293622167,0.0477817150514186,1.79614683945736e-67
"SuppFig1","`Maternal age at OGTT`","Maternal age at OGTT",1.04467308261456,0.894334933270598,1.21977070838007,0.580693885770033
"SuppFig1","`Maternal BMI at OGTT`","Maternal BMI at OGTT",1.02119643810013,0.882100916178075,1.17882663068024,0.776496810027041
"SuppFig1","EthnicityBlack","Ethnicity - Afro-Caribbean",2.01574032881403,1.35406297486249,2.99603093596945,0.0005329165849468
"SuppFig1","EthnicityAsian","Ethnicity - Thai",0.604437860983024,0.360084771812409,0.99667092948742,0.0521447916160564
"SuppFig1","EthnicityHispanic","Ethnicity - Hispanic",0.964814062615461,0.658711067114318,1.40793104868465,0.853190357452319
"SuppFig1","`1st time pregnant`TRUE","1st time delivery*",0.477610478212247,0.322365413360845,0.699216434082078,0.000179086795603687
"SuppFig1","`Cesarean Section`1","Cesarean delivery**",2.14440910119171,1.4387514431337,3.17093813595055,0.000150788809925273
"SuppFig1","`Age of gestation at delivery`","Age of gestation at delivery",0.854070218253896,0.73512048170985,0.991518491856718,0.0386554224412047
"SuppFig1","Birthweight","Birthweight",2.27143190037065,1.82898595611279,2.82840030492052,1.57286777315124e-13
"SuppFig1","`Neonatal sex (female)`2","Neonatal sex (female)",2.32102560928577,1.75750545396278,3.08171245752565,4.04188003391874e-09
"SuppFig1","m_HbA1c_percent","Maternal HbA1c at OGTT",1.10837474908929,0.948697720911949,1.29527599752829,0.195140064763041
"SuppFig1","b_N_HCMn","Neonatal head circumference",0.858266724551181,0.709496276617495,1.03126913423856,0.111885438336128
"SuppFig1","b_N_LNGMn","Neonatal length",0.843705637305602,0.702111641804019,1.01497845135259,0.0706748709916804
"SuppFig1","WtMgain.till.OGTT","Maternal weight gain (till OGTT)",1.17701726971008,1.03894004457891,1.33551863554628,0.0109136838208001
"SuppFig1","b_CordPGC_mmol.L","Neonatal Cord PG concentration",1.91526378594581,1.63796080071529,2.24369309113683,4.95817306515897e-16
"SuppFig1","`Maternal fasting CP`","Maternal fasting CP",1.33436718935041,1.1491025848402,1.5465787592433,0.000142065534719972
"SuppFig1","`Fasting PG at OGTT`","Fasting PG at OGTT",1.04007555228259,0.88562992266992,1.22069033438262,0.63101879371908
"SuppFig1","`One hour PG at OGTT`","One hour PG at OGTT",1.44407031213514,1.2067481112889,1.73002602486386,6.30060827685827e-05
"SuppFig1","`Two hour PG at OGTT`","Two hour PG at OGTT",0.979073417313547,0.831220655284306,1.15277713735678,0.799779405037797
"SuppFig1","`1st time pregnant`TRUE:`Cesarean Section`1","1st time delivery * Cesarean delivery*,**",1.98902006091566,1.1041967827802,3.59297902003573,0.0221830804390113
"SuppFig1","`Cesarean Section`1:b_CordPGC_mmol.L","Cesarean delivery * Neonatal Cord PG concentration",1.27079118515652,0.98689386855151,1.64580377082952,0.0659177138369142
"SuppFig6_European","(Intercept)","(Intercept)",0.046980315330911,0.0281160038393559,0.0754332710158271,4.84301370917397e-34
"SuppFig6_European","`Maternal age at OGTT`","Maternal age at OGTT",1.06145465990619,0.846096742851942,1.3367694872795,0.60866091891815
"SuppFig6_European","`Maternal BMI at OGTT`","Maternal BMI at OGTT",0.988334959827741,0.774839545320422,1.25207667350921,0.923494017823919
"SuppFig6_European","`1st time pregnant`TRUE","1st time delivery*",0.304007294087119,0.157672048758201,0.564143702259845,0.000234171888453543
"SuppFig6_European","`Cesarean Section`1","Cesarean delivery**",1.91900041993933,0.96656470189087,3.75365047553023,0.0587593671650733
"SuppFig6_European","`Maternal GDM`","Maternal GDM",1.02963336188189,0.840951153986757,1.25012660240479,0.772242842344012
"SuppFig6_European","`Age of gestation at delivery`","Age of gestation at delivery",0.807940631581065,0.62457882374262,1.04443548351816,0.103391603337157
"SuppFig6_European","Birthweight","Birthweight",2.3426108479862,1.64077288052425,3.36681850419564,3.34063935466347e-06
"SuppFig6_European","`Neonatal sex (female)`2","Neonatal sex (female)",2.05363832330769,1.31672081437391,3.23996807979844,0.00168959691868317
"SuppFig6_European","m_HbA1c_percent","Maternal HbA1c at OGTT",1.10619210575372,0.885931110839865,1.38039761403473,0.371802208249222
"SuppFig6_European","b_N_HCMn","Neonatal head circumference",0.700829491792172,0.507720251916027,0.964581606062443,0.0305288551494554
"SuppFig6_European","b_N_LNGMn","Neonatal length",1.04086797174145,0.747916053818334,1.4424616714204,0.811076758925419
"SuppFig6_European","HOMA2_IR","HOMA2-IR at OGTT",1.50871041199728,1.19912819941519,1.89025124723136,0.000368322750820915
"SuppFig6_European","WtMgain.till.OGTT","Maternal weight gain (till OGTT)",1.17065732913273,0.952050160674203,1.45036255791009,0.143599095782459
"SuppFig6_European","b_CordPGC_mmol.L","Neonatal Cord PG concentration",1.80049064626464,1.39208503002567,2.31626213808944,5.13933212419549e-06
"SuppFig6_European","`1st time pregnant`TRUE:`Cesarean Section`1","1st time delivery * Cesarean delivery*,**",2.53505301293227,0.991686899022863,6.5982178171574,0.0536488924940517
"SuppFig6_European","`Cesarean Section`1:b_CordPGC_mmol.L","Cesarean delivery * Neonatal Cord PG concentration",1.46291367430302,0.93941506008786,2.34333605054783,0.101619324771237
"SuppFig7_AfroCaribbean","(Intercept)","(Intercept)",0.0274987477356121,0.0128683517195374,0.0538581150098057,5.77912053327829e-23
"SuppFig7_AfroCaribbean","`Maternal age at OGTT`","Maternal age at OGTT",1.09172255901057,0.786003663403444,1.50197918262049,0.593884364022921
"SuppFig7_AfroCaribbean","`Maternal BMI at OGTT`","Maternal BMI at OGTT",1.20695442500056,0.90079752719669,1.61445866164034,0.203374423824809
"SuppFig7_AfroCaribbean","`1st time pregnant`TRUE","1st time delivery*",0.634681446069295,0.308372613490407,1.28347420877339,0.20946061381103
"SuppFig7_AfroCaribbean","`Cesarean Section`1","Cesarean delivery**",2.94185870857765,0.917384863650981,8.7526741242505,0.0581897449485113
"SuppFig7_AfroCaribbean","`Maternal GDM`","Maternal GDM",1.22142695452004,0.932943956888045,1.59024688984039,0.139970602904346
"SuppFig7_AfroCaribbean","`Age of gestation at delivery`","Age of gestation at delivery",1.00176463905746,0.74798991883064,1.34221808574237,0.990541840422489
"SuppFig7_AfroCaribbean","Birthweight","Birthweight",2.76635760574403,1.77212061051761,4.40546045519434,1.12031380043146e-05
"SuppFig7_AfroCaribbean","`Neonatal sex (female)`2","Neonatal sex (female)",3.79044782762054,2.05082519648814,7.29742743988613,3.59926747226928e-05
"SuppFig7_AfroCaribbean","m_HbA1c_percent","Maternal HbA1c at OGTT",1.33132167997206,0.99784590728811,1.76430353573886,0.0474934595589597
"SuppFig7_AfroCaribbean","b_N_HCMn","Neonatal head circumference",0.903444541971345,0.620863653586976,1.32273579042573,0.59788598131468
"SuppFig7_AfroCaribbean","b_N_LNGMn","Neonatal length",0.66825640996884,0.462940887148415,0.961889595952872,0.0303980451203368
"SuppFig7_AfroCaribbean","HOMA2_IR","HOMA2-IR at OGTT",1.21319759657801,0.903864835307676,1.61873051955907,0.196483198149059
"SuppFig7_AfroCaribbean","WtMgain.till.OGTT","Maternal weight gain (till OGTT)",1.40960240838467,1.06358966890822,1.88060358258168,0.0178251840198574
"SuppFig7_AfroCaribbean","b_CordPGC_mmol.L","Neonatal Cord PG concentration",1.79053534329433,1.31556442686587,2.4793171835014,0.000283294229389251
"SuppFig7_AfroCaribbean","`1st time pregnant`TRUE:`Cesarean Section`1","1st time delivery * Cesarean delivery*,**",2.15052653899217,0.501022027405324,9.49453070126455,0.304017277509561
"SuppFig7_AfroCaribbean","`Cesarean Section`1:b_CordPGC_mmol.L","Cesarean delivery * Neonatal Cord PG concentration",1.15297970020242,0.562719943005667,2.46691508264001,0.703547936732021
"SuppFig8_Hispanic","(Intercept)","(Intercept)",0.0378287374734192,0.0212572319723067,0.0633946316004432,5.12460933888886e-32
"SuppFig8_Hispanic","`Maternal age at OGTT`","Maternal age at OGTT",1.14266243668172,0.843423603176392,1.54712979857842,0.387713567634894
"SuppFig8_Hispanic","`Maternal BMI at OGTT`","Maternal BMI at OGTT",0.882125220679297,0.644379767505594,1.19134799055772,0.422138753908631
"SuppFig8_Hispanic","`1st time pregnant`TRUE","1st time delivery*",0.822240751261089,0.331610066168402,1.91206196359019,0.65950730174642
"SuppFig8_Hispanic","`Cesarean Section`1","Cesarean delivery**",1.44547455665659,0.67131034519682,2.98475667013361,0.330271884056912
"SuppFig8_Hispanic","`Maternal GDM`","Maternal GDM",1.12899504900735,0.858927688936255,1.47787898205054,0.379566953512676
"SuppFig8_Hispanic","`Age of gestation at delivery`","Age of gestation at delivery",0.634974224853093,0.464107429166257,0.862834199328802,0.0039999425558101
"SuppFig8_Hispanic","Birthweight","Birthweight",1.77864271239376,1.16458438250522,2.72604816287773,0.00779697415669709
"SuppFig8_Hispanic","`Neonatal sex (female)`2","Neonatal sex (female)",2.16042117125743,1.24785711561862,3.80530725544797,0.00658724149916523
"SuppFig8_Hispanic","m_HbA1c_percent","Maternal HbA1c at OGTT",1.11776973451571,0.827539517981309,1.51564331710124,0.470309362174314
"SuppFig8_Hispanic","b_N_HCMn","Neonatal head circumference",1.15051202570526,0.817208556040539,1.62524845858908,0.422936072357396
"SuppFig8_Hispanic","b_N_LNGMn","Neonatal length",0.974689805868677,0.662555985384488,1.45569652071122,0.898226088707395
"SuppFig8_Hispanic","HOMA2_IR","HOMA2-IR at OGTT",1.72368098763821,1.26075162335479,2.35164700809949,0.000584593652274212
"SuppFig8_Hispanic","WtMgain.till.OGTT","Maternal weight gain (till OGTT)",0.866911364940169,0.662708614385929,1.11586692548418,0.282509043792415
"SuppFig8_Hispanic","b_CordPGC_mmol.L","Neonatal Cord PG concentration",2.0605708022846,1.51379727187029,2.83193430576877,5.58979040588356e-06
"SuppFig8_Hispanic","`1st time pregnant`TRUE:`Cesarean Section`1","1st time delivery * Cesarean delivery*,**",2.23023188542871,0.590879047573539,8.37331826065728,0.232784662240045
"SuppFig8_Hispanic","`Cesarean Section`1:b_CordPGC_mmol.L","Cesarean delivery * Neonatal Cord PG concentration",1.19893143846762,0.688958530654575,2.11552889979474,0.524960994101639
"SuppFig9_Thai","(Intercept)","(Intercept)",0.0131688232540761,0.00488982153317752,0.0301989762742817,6.88554517674069e-21
"SuppFig9_Thai","`Maternal age at OGTT`","Maternal age at OGTT",1.38950256649549,0.924381404721076,2.1034786482426,0.115259754322289
"SuppFig9_Thai","`Maternal BMI at OGTT`","Maternal BMI at OGTT",0.854654075016589,0.560136210943095,1.27336847642407,0.450037101032714
"SuppFig9_Thai","`1st time pregnant`TRUE","1st time delivery*",0.640768086600977,0.129448724347238,2.38195731599012,0.538109960930709
"SuppFig9_Thai","`Cesarean Section`1","Cesarean delivery**",4.03813331777314,1.37972623288054,11.8902088952768,0.0103300853442572
"SuppFig9_Thai","`Maternal GDM`","Maternal GDM",1.18267471340593,0.811175723901305,1.70409126334664,0.372650167578545
"SuppFig9_Thai","`Age of gestation at delivery`","Age of gestation at delivery",1.17087212086371,0.78475096685172,1.72757064276726,0.430947408361183
"SuppFig9_Thai","Birthweight","Birthweight",4.2222166048637,2.08863137138683,8.83380660646847,8.37473563114331e-05
"SuppFig9_Thai","`Neonatal sex (female)`2","Neonatal sex (female)",1.72280997161986,0.773770159560842,3.9911266668994,0.190305586972856
"SuppFig9_Thai","m_HbA1c_percent","Maternal HbA1c at OGTT",1.0272229420554,0.682530843162538,1.59110680330282,0.900408904842986
"SuppFig9_Thai","b_N_HCMn","Neonatal head circumference",0.745691479037363,0.42150476024698,1.31699539006406,0.311336811180977
"SuppFig9_Thai","b_N_LNGMn","Neonatal length",0.387328317631273,0.19894502585867,0.740420387240511,0.00448611299385503
"SuppFig9_Thai","HOMA2_IR","HOMA2-IR at OGTT",1.21031772128084,0.803047557211106,1.67589888937485,0.296358192539065
"SuppFig9_Thai","WtMgain.till.OGTT","Maternal weight gain (till OGTT)",1.38783475669373,0.933381797381559,2.10033001843568,0.109231261178622
"SuppFig9_Thai","b_CordPGC_mmol.L","Neonatal Cord PG concentration",3.13403861988515,1.88836344156401,5.55952340868145,2.80639423143933e-05
"SuppFig9_Thai","`1st time pregnant`TRUE:`Cesarean Section`1","1st time delivery * Cesarean delivery*,**",2.15258100291662,0.341125144829958,15.4260030396355,0.422574604797271
"SuppFig9_Thai","`Cesarean Section`1:b_CordPGC_mmol.L","Cesarean delivery * Neonatal Cord PG concentration",0.905277233384145,0.454804986282918,1.77167119608743,0.77228085090517
"SuppFig11c","(Intercept)","(Intercept)",0.883368180862615,0.84879825440834,0.91934607417927,1.24686949623255e-09
"SuppFig11c","`Maternal age at OGTT`","Maternal age at OGTT",1.00810311899663,0.990329255112634,1.02619597803878,0.373775634079177
"SuppFig11c","`Maternal BMI at OGTT`","Maternal BMI at OGTT",1.01171024988046,0.992998000721441,1.03077511633411,0.221528115284257
"SuppFig11c","EthnicityBlack","Ethnicity - Afro-Caribbean",0.984976662751078,0.93916311559334,1.03302505183172,0.533239006107433
"SuppFig11c","EthnicityAsian","Ethnicity - Thai",0.934856336141487,0.887548591055507,0.984685658939014,0.0110233031066077
"SuppFig11c","EthnicityHispanic","Ethnicity - Hispanic",0.922975310978381,0.881978160053174,0.965878139912535,0.000549121601038796
"SuppFig11c","`1st time pregnant`TRUE","1st time delivery*",0.848063030872782,0.814608731933465,0.882891228806361,1.34135244327148e-15
"SuppFig11c","`Cesarean Section`1","Cesarean delivery**",1.13045202519651,1.07195755138742,1.19213841967612,6.24704065492174e-06
"SuppFig11c","`Maternal GDM`","Maternal GDM",1.0203866495272,1.00294964306549,1.03812681098422,0.0217536555055436
"SuppFig11c","`Age of gestation at delivery`","Age of gestation at delivery",0.951247093825981,0.935036028256984,0.967739216636561,1.28961221747127e-08
"SuppFig11c","Birthweight","Birthweight",1.14674851953297,1.1170735772052,1.17721177358892,2.90223442779646e-24
"SuppFig11c","`Neonatal sex (female)`2","Neonatal sex (female)",1.15553405301699,1.11976295939555,1.19244786271788,3.22656773051696e-19
"SuppFig11c","m_HbA1c_percent","Maternal HbA1c at OGTT",1.01901361947654,1.00170593749198,1.0366203471635,0.0311732654484448
"SuppFig11c","b_N_HCMn","Neonatal head circumference",0.979986824281599,0.959495128132914,1.00091615643149,0.0607825051169871
"SuppFig11c","b_N_LNGMn","Neonatal length",0.984950835507061,0.96281244854719,1.00759826052302,0.19102689165645
"SuppFig11c","HOMA2_IR","HOMA2-IR at OGTT",1.07837680270293,1.05776337981121,1.09939193472112,2.30013076645484e-14
"SuppFig11c","WtMgain.till.OGTT","Maternal weight gain (till OGTT)",1.01024100726932,0.994242094950543,1.02649736714206,0.2108680604745
"SuppFig11c","b_CordPGC_mmol.L","Neonatal Cord PG concentration",1.13831902456332,1.11629892216148,1.1607734953052,8.85580905108446e-38
"SuppFig11c","`1st time pregnant`TRUE:`Cesarean Section`1","1st time delivery * Cesarean delivery*,**",1.18482843790895,1.10046794546497,1.27565589989505,6.95645952539174e-06
"SuppFig11c","`Cesarean Section`1:b_CordPGC_mmol.L","Cesarean delivery * Neonatal Cord PG concentration",1.01887096939961,0.982918523741403,1.05613845625156,0.307642320553313
