"label","old_GLM","old_Bayes","new_GLM","new_Bayes","GLM_changed","Bayes_changed"
"(Intercept)","0.02 (0.01-0.02)","0.03 (0.02-0.04)","0.02 (0.01-0.02)","0.03 (0.02-0.04)","",""
"Maternal age at OGTT","1.10 (0.95-1.28)","1.03 (0.90-1.16)","1.10 (0.94-1.28)","1.03 (0.90-1.16)","CHANGED",""
"Maternal BMI at OGTT","1.05 (0.91-1.21)","1.04 (0.93-1.18)","1.05 (0.84-1.32)","1.02 (0.83-1.27)","CHANGED","CHANGED"
"Ethnicity - Afro-Caribbean","1.97 (1.33-2.91)","1.81 (1.28-2.56)","1.89 (1.25-2.85)","1.71 (1.20-2.44)","CHANGED","CHANGED"
"Ethnicity - Thai","0.80 (0.48-1.28)","1.22 (0.84-1.79)","0.78 (0.47-1.27)","1.14 (0.78-1.68)","CHANGED","CHANGED"
"Ethnicity - Hispanic","1.05 (0.72-1.52)","1.06 (0.74-1.50)","1.13 (0.75-1.69)","1.11 (0.76-1.62)","CHANGED","CHANGED"
"Maternal GDM","1.12 (0.99-1.27)","1.52 (1.16-1.98)","1.13 (0.99-1.28)","1.52 (1.15-1.98)","CHANGED","CHANGED"
"Age of gestation at delivery","0.83 (0.71-0.96)","0.84 (0.74-0.95)","0.82 (0.71-0.96)","0.83 (0.74-0.94)","CHANGED","CHANGED"
"Birthweight","2.32 (1.87-2.89)","2.28 (1.91-2.72)","2.34 (1.89-2.92)","2.34 (1.93-2.81)","CHANGED","CHANGED"
"Neonatal sex (female)","2.32 (1.76-3.08)","2.30 (1.82-2.90)","2.33 (1.77-3.09)","2.31 (1.84-2.88)","CHANGED","CHANGED"
"Maternal HbA1c at OGTT","1.18 (1.01-1.37)","1.18 (1.03-1.33)","1.18 (1.01-1.37)","1.18 (1.04-1.34)","","CHANGED"
"Neonatal head circumference","0.87 (0.72-1.05)","0.83 (0.71-0.97)","0.87 (0.72-1.05)","0.83 (0.71-0.97)","",""
"Neonatal length","0.85 (0.70-1.02)","0.94 (0.80-1.10)","0.84 (0.70-1.01)","0.93 (0.79-1.09)","CHANGED","CHANGED"
"HOMA2-IR at OGTT","1.34 (1.18-1.54)","1.31 (1.17-1.45)","1.35 (1.18-1.54)","1.31 (1.17-1.45)","CHANGED",""
"Maternal weight gain (till OGTT)","1.16 (1.03-1.32)","1.15 (1.02-1.29)","1.16 (1.02-1.31)","1.15 (1.02-1.29)","CHANGED",""
"Neonatal Cord PG concentration","1.96 (1.68-2.29)","1.93 (1.69-2.20)","1.97 (1.68-2.30)","1.93 (1.70-2.20)","CHANGED","CHANGED"
"Non-first born, vaginal delivery","1.99 (1.36-2.94)","1.72 (1.23-2.39)","1.97 (1.35-2.92)","1.70 (1.21-2.37)","CHANGED","CHANGED"
"First born, cesarean delivery","4.38 (2.74-7.02)","4.80 (3.19-7.18)","4.36 (2.73-7.00)","4.86 (3.27-7.19)","CHANGED","CHANGED"
"Non-first born, cesarean delivery","4.39 (2.66-7.26)","4.56 (2.98-6.93)","4.39 (2.66-7.27)","4.66 (3.01-7.35)","CHANGED","CHANGED"
"Cesarean delivery * Neonatal Cord PG concentration","1.25 (0.97-1.62)","1.23 (1.00-1.50)","1.25 (0.97-1.62)","1.23 (1.01-1.51)","","CHANGED"
"Maternal BMI at OGTT * Ethnicity - Afro-Caribbean",NA,NA,"1.14 (0.83-1.57)","1.17 (0.89-1.52)","new row","new row"
"Maternal BMI at OGTT * Ethnicity - Thai",NA,NA,"0.84 (0.49-1.43)","0.74 (0.50-1.08)","new row","new row"
"Maternal BMI at OGTT * Ethnicity - Hispanic",NA,NA,"0.89 (0.65-1.21)","0.94 (0.69-1.29)","new row","new row"
