"label","GLM","Bayes_A_reparam","Bayes_B_separate_fit","differs"
"(Intercept)","0.02 (0.01-0.02)","0.03 (0.02-0.04)","0.01 (0.01-0.02)","differs"
"Maternal age at OGTT","1.10 (0.94-1.28)","1.03 (0.90-1.16)","1.03 (0.90-1.17)","differs"
"Maternal BMI at OGTT","1.05 (0.84-1.32)","1.02 (0.83-1.27)","1.02 (0.82-1.25)","differs"
"Ethnicity - Afro-Caribbean","1.89 (1.25-2.85)","1.71 (1.20-2.44)","1.70 (1.22-2.41)","differs"
"Ethnicity - Thai","0.78 (0.47-1.27)","1.14 (0.78-1.68)","1.13 (0.77-1.64)","differs"
"Ethnicity - Hispanic","1.13 (0.75-1.69)","1.11 (0.76-1.62)","1.11 (0.76-1.64)","differs"
"Maternal GDM","1.13 (0.99-1.28)","1.52 (1.15-1.98)","1.52 (1.16-1.99)","differs"
"Age of gestation at delivery","0.82 (0.71-0.96)","0.83 (0.74-0.94)","0.83 (0.74-0.94)",""
"Birthweight","2.34 (1.89-2.92)","2.34 (1.93-2.81)","2.34 (1.94-2.81)","differs"
"Neonatal sex (female)","2.33 (1.77-3.09)","2.31 (1.84-2.88)","2.31 (1.83-2.89)","differs"
"Maternal HbA1c at OGTT","1.18 (1.01-1.37)","1.18 (1.04-1.34)","1.18 (1.04-1.33)","differs"
"Neonatal head circumference","0.87 (0.72-1.05)","0.83 (0.71-0.97)","0.83 (0.71-0.97)",""
"Neonatal length","0.84 (0.70-1.01)","0.93 (0.79-1.09)","0.92 (0.79-1.08)","differs"
"HOMA2-IR at OGTT","1.35 (1.18-1.54)","1.31 (1.17-1.45)","1.31 (1.17-1.46)","differs"
"Maternal weight gain (till OGTT)","1.16 (1.02-1.31)","1.15 (1.02-1.29)","1.15 (1.03-1.29)","differs"
"Neonatal Cord PG concentration","1.97 (1.68-2.30)","1.93 (1.70-2.20)","1.93 (1.69-2.20)","differs"
"Non-first born, vaginal delivery","1.97 (1.35-2.92)","1.70 (1.21-2.37)","1.70 (1.23-2.37)","differs"
"First born, cesarean delivery","4.36 (2.73-7.00)","4.86 (3.27-7.19)","4.88 (3.23-7.33)","differs"
"Non-first born, cesarean delivery","4.39 (2.66-7.27)","4.66 (3.01-7.35)","4.61 (3.04-6.94)","differs"
"Cesarean delivery * Neonatal Cord PG concentration","1.25 (0.97-1.62)","1.23 (1.01-1.51)","1.23 (1.00-1.51)","differs"
"Maternal BMI at OGTT * Ethnicity - Afro-Caribbean","1.14 (0.83-1.57)","1.17 (0.89-1.52)","1.18 (0.90-1.53)","differs"
"Maternal BMI at OGTT * Ethnicity - Thai","0.84 (0.49-1.43)","0.74 (0.50-1.08)","0.74 (0.50-1.09)","differs"
"Maternal BMI at OGTT * Ethnicity - Hispanic","0.89 (0.65-1.21)","0.94 (0.69-1.29)","0.95 (0.70-1.29)","differs"
