"term","label","glm_OR","glm_lo","glm_hi","glm_p","bayes_OR","bayes_lo","bayes_hi","bayes_tailp","glm_AUC"
"(Intercept)","(Intercept)",0.0155820132943413,0.0100430242990565,0.0235589238344752,1.00708153362492e-81,0.0251135599668478,0.0174519505769106,0.0352623904306328,1.17e-90,0.8232
"`Maternal age at OGTT`","Maternal age at OGTT",1.09979621578571,0.944559435833192,1.280364978145,0.219981128824598,1.02720715590498,0.904504896336706,1.16434600268345,0.681,0.8232
"`Maternal BMI at OGTT`","Maternal BMI at OGTT",1.05457057479999,0.839812751238513,1.31718733165338,0.643006495579165,1.02464946667511,0.829010489872667,1.26799537944296,0.827,0.8232
"EthnicityBlack","Ethnicity - Afro-Caribbean",1.89417750116665,1.2544997215128,2.85177441680432,0.00226275555186259,1.70581206666746,1.19817187112849,2.43893385686651,0.00316,0.8232
"EthnicityAsian","Ethnicity - Thai",0.780331239417809,0.47037851015325,1.26964589632008,0.326364723410207,1.13935026603425,0.775525894807754,1.67536770686071,0.507,0.8232
"EthnicityHispanic","Ethnicity - Hispanic",1.12885968960299,0.748181997036083,1.69303961702091,0.560063270920348,1.1128384034172,0.759586220480395,1.6246744069468,0.587,0.8232
"`Maternal GDM`","Maternal GDM",1.13039871490751,0.994476281808092,1.28220416195709,0.0584637164954123,1.52026558520195,1.14905647472597,1.98151782668708,0.00266,0.8232
"`Age of gestation at delivery`","Age of gestation at delivery",0.823680263866347,0.709226923084109,0.955671986623746,0.0107416726533713,0.832668375968708,0.738843971906252,0.94174983707921,0.00361,0.8232
"Birthweight","Birthweight",2.34398651803316,1.88708217058562,2.91929274451044,1.89750628873795e-14,2.33815046380043,1.93077992801548,2.81407703537624,3.53e-19,0.8232
"`Neonatal sex (female)`2","Neonatal sex (female)",2.33365506213074,1.7694227528268,3.09454026675028,2.71452654388707e-09,2.31372976619215,1.84088101291489,2.88367181731624,3.82e-13,0.8232
"m_HbA1c_percent","Maternal HbA1c at OGTT",1.17966628987322,1.01297251770868,1.37442290719838,0.0337461177490657,1.18054431220474,1.04314067913942,1.33934619006619,0.00957,0.8232
"b_N_HCMn","Neonatal head circumference",0.874935088148568,0.724595525334277,1.04810604957732,0.159302017779768,0.829361807432976,0.708137909142748,0.968949644217369,0.0197,0.8232
"b_N_LNGMn","Neonatal length",0.840175247831199,0.698445622155241,1.01212193988412,0.0658577986438594,0.928372674864728,0.790591225422043,1.08731665956441,0.358,0.8232
"HOMA2_IR","HOMA2-IR at OGTT",1.35070396822713,1.18015622958754,1.54290455466562,1.06778912473443e-05,1.30919345289248,1.17353414907163,1.45266049272148,1.37e-06,0.8232
"WtMgain.till.OGTT","Maternal weight gain (till OGTT)",1.1585193862983,1.02233011780328,1.31462280147402,0.0217276593972673,1.14699095045681,1.02352302438543,1.28675450974807,0.0174,0.8232
"b_CordPGC_mmol.L","Neonatal Cord PG concentration",1.96575059920763,1.68345216829875,2.30018412446119,1.82459286472819e-17,1.93323496408687,1.69594390257933,2.20489228968591,2.59e-23,0.8232
"`Birth type`Non-first born, vaginal delivery","Non-first born, vaginal delivery",1.97228269696177,1.34980970581518,2.91615694054009,0.000536989212637011,1.69832584554035,1.21312440444694,2.37463793410017,0.00169,0.8232
"`Birth type`First born, Cesarean section","First born, cesarean delivery",4.36163807926829,2.72706621514244,6.99560549348839,8.26835315419965e-10,4.85591187753018,3.27276355287061,7.18845397339234,4.01e-15,0.8232
"`Birth type`Non-first born, Cesarean section","Non-first born, cesarean delivery",4.38906019738612,2.65990195194728,7.26814355218258,7.63697926189789e-09,4.66112120051159,3.01217431611239,7.34747462784395,5.38e-12,0.8232
"b_CordPGC_mmol.L:`Cesarean Section`1","Cesarean delivery * Neonatal Cord PG concentration",1.25085310216939,0.970830576051312,1.62122226788085,0.0867556006542476,1.23372561823663,1.00787889583813,1.51441157157658,0.0429,0.8232
"`Maternal BMI at OGTT`:EthnicityBlack","Maternal BMI at OGTT * Ethnicity - Afro-Caribbean",1.13909490832696,0.830283064599216,1.56783002339106,0.420814297406632,1.16869397337907,0.887950073171752,1.51727298183029,0.255,0.8232
"`Maternal BMI at OGTT`:EthnicityAsian","Maternal BMI at OGTT * Ethnicity - Thai",0.844842491280087,0.49036425934108,1.42904564565756,0.534601408820292,0.737367420587471,0.50384792724701,1.08369634424767,0.122,0.8232
"`Maternal BMI at OGTT`:EthnicityHispanic","Maternal BMI at OGTT * Ethnicity - Hispanic",0.887703388477391,0.65028764437313,1.21092286860867,0.451803267142862,0.940446975021083,0.691348780289204,1.28570260627619,0.697,0.8232
