"delta","imputed_firstborn_pct","OR_first_delivery","OR_CD_within_nonfirst","OR_CD_within_first","OR_nonfirst_CD_vs_first_vaginal"
-3,4.3,"0.50 (0.34 to 0.72)","2.87 (2.05 to 4.03)","4.51 (2.83 to 7.18)","5.78 (3.65 to 9.15)"
-2,9.5,"0.49 (0.34 to 0.72)","2.85 (2.03 to 4.01)","4.58 (2.88 to 7.28)","5.77 (3.61 to 9.24)"
-1,20,"0.51 (0.35 to 0.74)","2.83 (2.00 to 4.01)","4.52 (2.86 to 7.15)","5.56 (3.46 to 8.94)"
-0.5,27.3,"0.50 (0.35 to 0.73)","2.82 (1.98 to 4.02)","4.59 (2.91 to 7.24)","5.62 (3.47 to 9.10)"
0,36.8,"0.51 (0.35 to 0.74)","2.71 (1.88 to 3.92)","4.70 (2.97 to 7.44)","5.30 (3.26 to 8.60)"
0.5,47.1,"0.51 (0.35 to 0.75)","2.62 (1.81 to 3.79)","4.85 (3.10 to 7.59)","5.15 (3.13 to 8.47)"
1,57.2,"0.53 (0.36 to 0.77)","2.59 (1.78 to 3.77)","4.76 (3.07 to 7.38)","4.91 (3.00 to 8.05)"
2,75.2,"0.55 (0.38 to 0.79)","2.39 (1.63 to 3.53)","4.89 (3.19 to 7.49)","4.38 (2.71 to 7.05)"
3,87.4,"0.57 (0.40 to 0.82)","2.31 (1.57 to 3.41)","4.82 (3.19 to 7.27)","4.04 (2.50 to 6.51)"
