"term","label","glm_OR","glm_lo","glm_hi","glm_p","bayes_OR","bayes_lo","bayes_hi","bayes_tailp"
"(Intercept)","(Intercept)",0.0307321352042573,0.0206046199646966,0.0450079710696158,1.99951045522734e-68,0.0251135599668478,0.0174519505769106,0.0352623904306328,1.17e-90
"`Maternal age at OGTT`","Maternal age at OGTT",1.09979621578571,0.944559435833192,1.28036497814499,0.219981128824599,1.02720715590498,0.904504896336706,1.16434600268345,0.681
"`Maternal BMI at OGTT`","Maternal BMI at OGTT",1.05457057479998,0.839812751238517,1.31718733165337,0.643006495579173,1.02464946667511,0.829010489872667,1.26799537944296,0.827
"EthnicityBlack","Ethnicity - Afro-Caribbean",1.89417750116666,1.2544997215128,2.85177441680432,0.00226275555186254,1.70581206666746,1.19817187112849,2.43893385686651,0.00316
"EthnicityAsian","Ethnicity - Thai",0.78033123941781,0.47037851015325,1.26964589632008,0.32636472341021,1.13935026603425,0.775525894807754,1.67536770686071,0.507
"EthnicityHispanic","Ethnicity - Hispanic",1.12885968960299,0.748181997036084,1.69303961702091,0.560063270920344,1.1128384034172,0.759586220480395,1.6246744069468,0.587
"`1st time pregnant`TRUE","1st time delivery*",0.507026706435375,0.342917072156888,0.740845169279681,0.000536989212637039,0.588815157365653,0.421116830334361,0.824317766862419,0.00169
"`Cesarean Section`1","Cesarean Delivery**",2.22537073622728,1.49357272016537,3.29007936572151,6.99390836587554e-05,2.74453881317962,1.9413429693747,3.84913443259781,4.17e-09
"`Maternal GDM`","Maternal GDM",1.13039871490751,0.994476281808089,1.28220416195709,0.0584637164954121,1.52026558520195,1.14905647472597,1.98151782668708,0.00266
"`Age of gestation at delivery`","Age of gestation at delivery",0.823680263866346,0.709226923084111,0.955671986623744,0.0107416726533708,0.832668375968708,0.738843971906252,0.94174983707921,0.00361
"Birthweight","Birthweight",2.34398651803317,1.88708217058563,2.91929274451042,1.8975062887378e-14,2.33815046380043,1.93077992801548,2.81407703537624,3.53e-19
"`Neonatal sex (female)`2","Neonatal sex (female)",2.33365506213075,1.76942275282681,3.09454026675026,2.71452654388687e-09,2.31372976619215,1.84088101291489,2.88367181731624,3.82e-13
"m_HbA1c_percent","Maternal HbA1c at OGTT",1.17966628987322,1.01297251770868,1.37442290719838,0.0337461177490655,1.18054431220474,1.04314067913942,1.33934619006619,0.00957
"b_N_HCMn","Neonatal head circumference",0.874935088148568,0.724595525334277,1.04810604957733,0.15930201777977,0.829361807432976,0.708137909142748,0.968949644217369,0.0197
"b_N_LNGMn","Neonatal length",0.840175247831198,0.69844562215524,1.01212193988412,0.0658577986438589,0.928372674864728,0.790591225422043,1.08731665956441,0.358
"HOMA2_IR","HOMA2-IR at OGTT",1.35070396822713,1.18015622958753,1.54290455466562,1.06778912473442e-05,1.30919345289248,1.17353414907163,1.45266049272148,1.37e-06
"WtMgain.till.OGTT","Maternal weight gain (till OGTT)",1.1585193862983,1.02233011780328,1.31462280147402,0.0217276593972668,1.14699095045681,1.02352302438543,1.28675450974807,0.0174
"b_CordPGC_mmol.L","Neonatal Cord PG concentration",1.96575059920764,1.68345216829875,2.30018412446119,1.82459286472807e-17,1.93323496408687,1.69594390257933,2.20489228968591,2.59e-23
"`1st time pregnant`TRUE:`Cesarean Section`1","1st time delivery * Cesarean Delivery",1.95996020270432,1.0919813449175,3.52849572022675,0.0243488719102959,1.76929976512319,1.07067341813174,2.97528374324631,0.0292
"`Cesarean Section`1:b_CordPGC_mmol.L","Cesarean Delivery * Neonatal Cord PG concentration",1.25085310216939,0.970830576051312,1.62122226788085,0.0867556006542468,1.23372561823663,1.00787889583813,1.51441157157658,0.0429
"`Maternal BMI at OGTT`:EthnicityBlack","Maternal BMI at OGTT * Ethnicity - Afro-Caribbean",1.13909490832696,0.830283064599216,1.56783002339105,0.42081429740663,1.16869397337907,0.887950073171752,1.51727298183029,0.255
"`Maternal BMI at OGTT`:EthnicityAsian","Maternal BMI at OGTT * Ethnicity - Thai",0.844842491280088,0.490364259341081,1.42904564565756,0.534601408820293,0.737367420587471,0.50384792724701,1.08369634424767,0.122
"`Maternal BMI at OGTT`:EthnicityHispanic","Maternal BMI at OGTT * Ethnicity - Hispanic",0.887703388477392,0.650287644373131,1.21092286860866,0.451803267142865,0.940446975021083,0.691348780289204,1.28570260627619,0.697
