"varname","OR","lo","hi","tailp"
"(Intercept)",0.0238088839003152,0.0162932258470172,0.0343564893855015,5.7623755439441e-84
"MaternalageatOGTT",1.02689957667035,0.904731082846832,1.16446381631069,0.680526226344089
"MaternalBMIatOGTT",1.02815248742842,0.823133781991705,1.2763221464642,0.802603169865674
"EthnicityBlack",1.68435901233115,1.16976529362533,2.45303029767473,0.0057028291272956
"EthnicityAsian",1.11186371180041,0.75138701738076,1.64056380434664,0.594540007202879
"EthnicityHispanic",1.09654907653924,0.731711687081475,1.6463856500299,0.650476549790226
"firsttimepregnantTRUE",0.71047194567631,0.537048733145123,0.928117281644646,0.0151139637869789
"CesareanSection1",3.45968718752524,2.66297942748717,4.45856052261375,9.93654167500110e-21
"MaternalGDM2.17318782713301",1.52417417727213,1.15034273529305,1.98083081446667,0.00230617517243453
"Ageofgestationatdelivery",0.842582023627846,0.745302366711167,0.949448303108923,0.00620776237881983
"Birthweight",2.34391792665264,1.95748287474963,2.84523870475659,1.29822706728206e-18
"Neonatalsexfemale2",2.33118916883697,1.83859474566875,2.95183730765059,2.3079853830782e-12
"mHbA1cpercent",1.18230769168043,1.04415768854933,1.33814531931962,0.00907244285829578
"bNHCMn",0.832449755461313,0.71135993232528,0.974204069800481,0.0237502249509
"bNLNGMn",0.925290401047085,0.788394601402008,1.07972304056915,0.330733482469162
"HOMA2IR",1.30553321433897,1.17186232365592,1.44993745278658,1.40422678324979e-06
"WtMgain.till.OGTT",1.1526802495165,1.03141184497149,1.29352617919907,0.0152237427367383
"bCordPGCmmol.L",1.91134360045999,1.66850664812519,2.17320091774401,2.12783398530647e-22
"CesareanSection1:bCordPGCmmol.L",1.2865194296463,1.05297782416572,1.57779922789514,0.0154233531270161
"MaternalBMIatOGTT:EthnicityBlack",1.17503674868282,0.901981705031619,1.54799719355001,0.242103915344517
"MaternalBMIatOGTT:EthnicityAsian",0.72736848473344,0.500426127905528,1.05840088567664,0.0941731604780045
"MaternalBMIatOGTT:EthnicityHispanic",0.933697450867718,0.691640310299226,1.25856242486481,0.65542171515441
