"reference","level","OR","lo","hi","p","deviance"
"First born, vaginal delivery","Non-first born, vaginal delivery",1.97228269696177,1.34980970581518,2.91615694054009,0.000536989212637011,1607.17637367917
"First born, vaginal delivery","First born, Cesarean section",4.36163807926829,2.72706621514244,6.99560549348839,8.26835315419965e-10,1607.17637367917
"First born, vaginal delivery","Non-first born, Cesarean section",4.38906019738612,2.65990195194728,7.26814355218258,7.63697926189789e-09,1607.17637367917
"Non-first born, vaginal delivery","First born, vaginal delivery",0.507026706435374,0.342917072156887,0.740845169279679,0.000536989212637018,1607.17637367917
"Non-first born, vaginal delivery","First born, Cesarean section",2.2114669899945,1.47570276477594,3.28385843525085,9.80504445363646e-05,1607.17637367917
"Non-first born, vaginal delivery","Non-first born, Cesarean section",2.22537073622727,1.49357272016536,3.29007936572149,6.99390836587595e-05,1607.17637367917
"First born, Cesarean section","First born, vaginal delivery",0.229271659368804,0.142946883001166,0.366694433177806,8.26835315420021e-10,1607.17637367917
"First born, Cesarean section","Non-first born, vaginal delivery",0.452188526676804,0.304519826209746,0.677643238102785,9.8050444536367e-05,1607.17637367917
"First born, Cesarean section","Non-first born, Cesarean section",1.00628711452428,0.623249324005554,1.62936302602291,0.979568699236399,1607.17637367917
