"direction","stratum","n","equation","child","parent","estimate","se","ci_lo","ci_hi","p","scale"
"both","non-GDM",2865,"logistic","Cesarean Section","Birthweight",-0.00236804136082646,0.0778415892104148,-0.155294505206747,0.149992941431233,0.975731067782419,"log-odds per SD of parent"
"both","non-GDM",2865,"linear","Birthweight","Age of gestation at delivery",0.0872558333773915,0.0122447286380476,0.0632464133513536,0.111265253403429,1.30344490227106e-12,"SD of child per SD of parent"
"PG->CP","non-GDM",2865,"linear","b_CordPGC_mmol.L","Cesarean Section",-0.690591456363675,0.0436817920049796,-0.776242583100029,-0.604940329627321,4.95563178578851e-54,"SD of child, level 1 vs 0 of parent"
"PG->CP","non-GDM",2865,"linear","b_CordPGC_mmol.L","Age of gestation at delivery",0.121459775960335,0.0191186343425379,0.0839720150893514,0.158947536831319,2.45051414872617e-10,"SD of child per SD of parent"
"PG->CP","non-GDM",2865,"linear","b_CordPGC_mmol.L","Birthweight",-0.00841051506386433,0.028813479128806,-0.0649078985113044,0.0480868683835758,0.770388037338794,"SD of child per SD of parent"
"PG->CP","non-GDM",2865,"logistic","CP_binary","b_CordPGC_mmol.L",0.745629827815284,0.0744091995227106,0.601485889107402,0.893599010045562,1.23665224533317e-23,"log-odds per SD of parent"
"PG->CP","non-GDM",2865,"logistic","CP_binary","Cesarean Section",1.10206571832693,0.191197049500235,0.724875889654549,1.47550147418505,8.21283252836811e-09,"log-odds, level 1 vs 0 of parent"
"PG->CP","non-GDM",2865,"logistic","CP_binary","Age of gestation at delivery",-0.041153176804211,0.0900097544707543,-0.217727053185614,0.135384827907172,0.647521572843894,"log-odds per SD of parent"
"PG->CP","non-GDM",2865,"logistic","CP_binary","Birthweight",0.840229650168494,0.127105653878588,0.592575260375338,1.09117185114683,3.83070429208724e-11,"log-odds per SD of parent"
"CP->PG","non-GDM",2865,"logistic","CP_binary","Cesarean Section",0.591661154701096,0.177188459958857,0.239869866447894,0.935479685101736,0.000840312321786291,"log-odds, level 1 vs 0 of parent"
"CP->PG","non-GDM",2865,"logistic","CP_binary","Age of gestation at delivery",0.0674384539205582,0.086667196130608,-0.102349173397423,0.237611005730105,0.436491639859034,"log-odds per SD of parent"
"CP->PG","non-GDM",2865,"logistic","CP_binary","Birthweight",0.770545427305634,0.122401653404927,0.531817666724419,1.01191378557196,3.0696271713863e-10,"log-odds per SD of parent"
"CP->PG","non-GDM",2865,"linear","b_CordPGC_mmol.L","CP_binary",0.776264015467652,0.0688585987017769,0.641246261531079,0.911281769404224,7.19949467438964e-29,"SD of child, level 1 vs 0 of parent"
"CP->PG","non-GDM",2865,"linear","b_CordPGC_mmol.L","Cesarean Section",-0.718782755277908,0.042819215595023,-0.802742557306477,-0.634822953249339,2.2293878509126e-60,"SD of child, level 1 vs 0 of parent"
"CP->PG","non-GDM",2865,"linear","b_CordPGC_mmol.L","Age of gestation at delivery",0.120017011867918,0.018709551937538,0.0833313730749111,0.156702650660926,1.64595458006817e-10,"SD of child per SD of parent"
"CP->PG","non-GDM",2865,"linear","b_CordPGC_mmol.L","Birthweight",-0.0476657397272581,0.0284104980927111,-0.103372967481199,0.00804148802668322,0.0935054547854702,"SD of child per SD of parent"
"both","GDM",617,"logistic","Cesarean Section","Birthweight",-0.100613618349939,0.173622813824242,-0.442813620990991,0.238948132240926,0.562254963553843,"log-odds per SD of parent"
"both","GDM",617,"linear","Birthweight","Age of gestation at delivery",0.0675789771613375,0.0238235383281297,0.0207917903117883,0.114366164010887,0.0047121300041553,"SD of child per SD of parent"
"PG->CP","GDM",617,"linear","b_CordPGC_mmol.L","Cesarean Section",-0.623639302227271,0.0861403709484938,-0.792812014884849,-0.454466589569693,1.37973481850146e-12,"SD of child, level 1 vs 0 of parent"
"PG->CP","GDM",617,"linear","b_CordPGC_mmol.L","Age of gestation at delivery",0.0996342466652504,0.0424146416612254,0.0163353252974863,0.182933168033014,0.0191440575930641,"SD of child per SD of parent"
"PG->CP","GDM",617,"linear","b_CordPGC_mmol.L","Birthweight",-0.107726768855505,0.070747022033161,-0.2466681908393,0.0312146531282895,0.128358763287366,"SD of child per SD of parent"
"PG->CP","GDM",617,"logistic","CP_binary","b_CordPGC_mmol.L",0.761363493510603,0.13567104460652,0.503815787185181,1.03773513936354,2.00192476401306e-08,"log-odds per SD of parent"
"PG->CP","GDM",617,"logistic","CP_binary","Cesarean Section",1.04498268598153,0.283052790320461,0.495036997969576,1.60751172701448,0.000222646570871811,"log-odds, level 1 vs 0 of parent"
"PG->CP","GDM",617,"logistic","CP_binary","Age of gestation at delivery",-0.421993670735219,0.145277715373113,-0.712231158119919,-0.141619614233696,0.00367560875741432,"log-odds per SD of parent"
"PG->CP","GDM",617,"logistic","CP_binary","Birthweight",0.786962718570769,0.232825350006657,0.336148451642773,1.25156441464134,0.000724710652276475,"log-odds per SD of parent"
"CP->PG","GDM",617,"logistic","CP_binary","Cesarean Section",0.576627424581321,0.260139825895864,0.0666585118907739,1.08871924842745,0.0266500467559463,"log-odds, level 1 vs 0 of parent"
"CP->PG","GDM",617,"logistic","CP_binary","Age of gestation at delivery",-0.341152821537982,0.139452511216735,-0.619311159352896,-0.0716385517441052,0.0144301731090095,"log-odds per SD of parent"
"CP->PG","GDM",617,"logistic","CP_binary","Birthweight",0.671386954309409,0.220919287627102,0.240938207335553,1.10914497745833,0.00237317641459994,"log-odds per SD of parent"
"CP->PG","GDM",617,"linear","b_CordPGC_mmol.L","CP_binary",0.658546503880705,0.104347147296314,0.453616467718407,0.863476540043004,5.38663308076976e-10,"SD of child, level 1 vs 0 of parent"
"CP->PG","GDM",617,"linear","b_CordPGC_mmol.L","Cesarean Section",-0.66993963054993,0.0838073314618875,-0.834530996122958,-0.505348264976901,6.74280682207438e-15,"SD of child, level 1 vs 0 of parent"
"CP->PG","GDM",617,"linear","b_CordPGC_mmol.L","Age of gestation at delivery",0.126574518312444,0.0413285071793726,0.0454084041420969,0.20774063248279,0.00229218190756947,"SD of child per SD of parent"
"CP->PG","GDM",617,"linear","b_CordPGC_mmol.L","Birthweight",-0.165759490469287,0.0691805043287316,-0.301624855466321,-0.0298941254722531,0.0168783810945778,"SD of child per SD of parent"
"both","all",3482,"logistic","Cesarean Section","Birthweight",-0.0111798442173099,0.0709110852662795,-0.15042103740826,0.127654652466661,0.87472469363574,"log-odds per SD of parent"
"both","all",3482,"linear","Birthweight","Age of gestation at delivery",0.081022541826482,0.010847331268234,0.059754738451752,0.102290345201212,1.01429873077056e-13,"SD of child per SD of parent"
"PG->CP","all",3482,"linear","b_CordPGC_mmol.L","Cesarean Section",-0.679263386906084,0.0387339192881213,-0.755207001518372,-0.603319772293795,4.94173306075928e-66,"SD of child, level 1 vs 0 of parent"
"PG->CP","all",3482,"linear","b_CordPGC_mmol.L","Age of gestation at delivery",0.118086519171214,0.0173894326143125,0.0839919479773119,0.152181090365116,1.30768021763683e-11,"SD of child per SD of parent"
"PG->CP","all",3482,"linear","b_CordPGC_mmol.L","Birthweight",-0.0276930976554714,0.0267996210294628,-0.0802377440176864,0.0248515487067435,0.301517326456464,"SD of child per SD of parent"
"PG->CP","all",3482,"logistic","CP_binary","b_CordPGC_mmol.L",0.750135798840667,0.0647278112093962,0.624733530291905,0.878683276205644,4.68132303682515e-31,"log-odds per SD of parent"
"PG->CP","all",3482,"logistic","CP_binary","Cesarean Section",1.10867137341885,0.156811488680043,0.800868172629578,1.41610037161043,1.54832992681828e-12,"log-odds, level 1 vs 0 of parent"
"PG->CP","all",3482,"logistic","CP_binary","Age of gestation at delivery",-0.160617490151277,0.0749559468807883,-0.308022903531958,-0.0140335301516062,0.0321271388524027,"log-odds per SD of parent"
"PG->CP","all",3482,"logistic","CP_binary","Birthweight",0.841293185904564,0.109864959248196,0.627156895680749,1.05804848530222,1.89556987103054e-14,"log-odds per SD of parent"
"CP->PG","all",3482,"logistic","CP_binary","Cesarean Section",0.584088702507449,0.144400999542378,0.299164589260636,0.865674562847057,5.23437617189081e-05,"log-odds, level 1 vs 0 of parent"
"CP->PG","all",3482,"logistic","CP_binary","Age of gestation at delivery",-0.0561220569504354,0.0721247680357522,-0.197781239047591,0.0850805891657876,0.436495556110698,"log-odds per SD of parent"
"CP->PG","all",3482,"logistic","CP_binary","Birthweight",0.747633875686584,0.105338201797929,0.542010474819502,0.955105932847975,1.2706880455752e-12,"log-odds per SD of parent"
"CP->PG","all",3482,"linear","b_CordPGC_mmol.L","CP_binary",0.742774548000086,0.057048598294082,0.630922267629831,0.854626828370341,7.18561205526294e-38,"SD of child, level 1 vs 0 of parent"
"CP->PG","all",3482,"linear","b_CordPGC_mmol.L","Cesarean Section",-0.713339501064336,0.0379154613808271,-0.787678414614396,-0.639000587514277,2.90657553757803e-75,"SD of child, level 1 vs 0 of parent"
"CP->PG","all",3482,"linear","b_CordPGC_mmol.L","Age of gestation at delivery",0.122420993244781,0.0169846507405533,0.0891200538101252,0.155721932679437,6.94986730960096e-13,"SD of child per SD of parent"
"CP->PG","all",3482,"linear","b_CordPGC_mmol.L","Birthweight",-0.0716952673498992,0.0263880745578859,-0.123433020811688,-0.0199575138881103,0.0066212680893119,"SD of child per SD of parent"
