"term","n","estimate","std.error","statistic","p.value","conf.low","conf.high"
"(Intercept)",3375,-3.63490176870704,0.194817114687119,-18.6580207521541,1.08682790808412e-77,-4.02579678834594,-3.26169321386833
"EthnicityBlack",3375,0.731319367410289,0.201000292956312,3.63839951004074,0.000274337631853697,0.336008863897012,1.12476433491447
"EthnicityAsian",3375,-0.191121798271139,0.243688484870603,-0.784287359218567,0.432871515025749,-0.677750869312901,0.279247428810334
"EthnicityHispanic",3375,0.0729694855643559,0.193564872212758,0.376976900458214,0.706190771438628,-0.308880414692912,0.45072265434377
"`1st time pregnant`TRUE",3375,-0.437209166933261,0.15811085722103,-2.76520647991976,0.00568867749176032,-0.749389861901748,-0.129096348578894
"`Cesarean Section`1",3375,1.13732302363607,0.158303754581483,7.18443492791991,6.74857141157005e-13,0.826733692832952,1.44782694618332
"`Maternal GDM`",3375,0.119761889455551,0.0650787217743497,1.84026185810482,0.0657298022412372,-0.00894536072325869,0.24636114957495
"`Age of gestation at delivery`",3375,-0.168414286178604,0.0758164881508728,-2.22134116583537,0.0263278626546015,-0.317542961502905,-0.0201741072773328
"m_HbA1c_percent",3375,0.171000114358571,0.0780740115159626,2.19023092368719,0.0285074936066129,0.0182380075206428,0.324344501497313
"Birthweight",3375,0.830437960593355,0.110630593893531,7.5064042537144,6.07735498770871e-14,0.614826503459517,1.04872665838241
"b_N_HCMn",3375,-0.138676818283368,0.096194310290346,-1.44163223235133,0.14940615048531,-0.328977014657048,0.0451854501767255
"b_N_LNGMn",3375,-0.157265883799045,0.0945470395419809,-1.66336127033587,0.0962401408330855,-0.342042624193884,0.0284093140546111
"`Neonatal sex (female)`2",3375,0.874348460429923,0.143568416128163,6.09011706063117,1.12828156636964e-09,0.595553183450659,1.15883566475312
"`Maternal age at OGTT`",3375,0.11021027526688,0.0777800287616559,1.41694824521859,0.156498059562834,-0.042410869449101,0.262669680778517
"`Maternal BMI at OGTT`",3375,0.0400343811739999,0.0727092104731572,0.550609488309322,0.581901403121439,-0.103909225978015,0.18141703380953
"HOMA2_IR",3375,0.300972688538051,0.0682595175706727,4.40924136661877,1.03733360771061e-05,0.166098536928904,0.434066712836108
"WtMgain.till.OGTT",3375,0.170672101853293,0.0641486824676925,2.66057065067938,0.00780083594350679,0.0456548067672892,0.297292244561724
"b_CordPGC_mmol.L",3375,0.754885645026203,0.06543811619824,11.5358706650315,8.70024228663784e-31,0.628125577664271,0.884867633660718
