"analysis_id","label","display_item","n","auc","term","estimate","effect","ci_low","ci_high","p_value","effect_type"
"main_final","Final model, complete case","Fig. 2a",3482,0.8232,"(Intercept)",-3.4824,0.031,0.021,0.045,2e-68,"OR"
"main_final","Final model, complete case","Fig. 2a",3482,0.8232,"`Maternal age at OGTT`",0.0951,1.1,0.945,1.28,0.22,"OR"
"main_final","Final model, complete case","Fig. 2a",3482,0.8232,"`Maternal BMI at OGTT`",0.0531,1.055,0.84,1.317,0.643,"OR"
"main_final","Final model, complete case","Fig. 2a",3482,0.8232,"EthnicityBlack",0.6388,1.894,1.254,2.852,0.002263,"OR"
"main_final","Final model, complete case","Fig. 2a",3482,0.8232,"EthnicityAsian",-0.248,0.78,0.47,1.27,0.3264,"OR"
"main_final","Final model, complete case","Fig. 2a",3482,0.8232,"EthnicityHispanic",0.1212,1.129,0.748,1.693,0.5601,"OR"
"main_final","Final model, complete case","Fig. 2a",3482,0.8232,"`1st time pregnant`TRUE",-0.6792,0.507,0.343,0.741,0.000537,"OR"
"main_final","Final model, complete case","Fig. 2a",3482,0.8232,"`Cesarean Section`1",0.7999,2.225,1.494,3.29,6.994e-05,"OR"
"main_final","Final model, complete case","Fig. 2a",3482,0.8232,"`Maternal GDM`",0.1226,1.13,0.994,1.282,0.05846,"OR"
"main_final","Final model, complete case","Fig. 2a",3482,0.8232,"`Age of gestation at delivery`",-0.194,0.824,0.709,0.956,0.01074,"OR"
"main_final","Final model, complete case","Fig. 2a",3482,0.8232,"Birthweight",0.8519,2.344,1.887,2.919,1.898e-14,"OR"
"main_final","Final model, complete case","Fig. 2a",3482,0.8232,"`Neonatal sex (female)`2",0.8474,2.334,1.769,3.095,2.715e-09,"OR"
"main_final","Final model, complete case","Fig. 2a",3482,0.8232,"m_HbA1c_percent",0.1652,1.18,1.013,1.374,0.03375,"OR"
"main_final","Final model, complete case","Fig. 2a",3482,0.8232,"b_N_HCMn",-0.1336,0.875,0.725,1.048,0.1593,"OR"
"main_final","Final model, complete case","Fig. 2a",3482,0.8232,"b_N_LNGMn",-0.1741,0.84,0.698,1.012,0.06586,"OR"
"main_final","Final model, complete case","Fig. 2a",3482,0.8232,"HOMA2_IR",0.3006,1.351,1.18,1.543,1.068e-05,"OR"
"main_final","Final model, complete case","Fig. 2a",3482,0.8232,"WtMgain.till.OGTT",0.1471,1.159,1.022,1.315,0.02173,"OR"
"main_final","Final model, complete case","Fig. 2a",3482,0.8232,"b_CordPGC_mmol.L",0.6759,1.966,1.683,2.3,1.825e-17,"OR"
"main_final","Final model, complete case","Fig. 2a",3482,0.8232,"`Cesarean Section`1:b_CordPGC_mmol.L",0.2238,1.251,0.971,1.621,0.08676,"OR"
"main_final","Final model, complete case","Fig. 2a",3482,0.8232,"`1st time pregnant`TRUE:`Cesarean Section`1",0.6729,1.96,1.092,3.528,0.02435,"OR"
"main_final","Final model, complete case","Fig. 2a",3482,0.8232,"`Maternal BMI at OGTT`:EthnicityBlack",0.1302,1.139,0.83,1.568,0.4208,"OR"
"main_final","Final model, complete case","Fig. 2a",3482,0.8232,"`Maternal BMI at OGTT`:EthnicityAsian",-0.1686,0.845,0.49,1.429,0.5346,"OR"
"main_final","Final model, complete case","Fig. 2a",3482,0.8232,"`Maternal BMI at OGTT`:EthnicityHispanic",-0.1191,0.888,0.65,1.211,0.4518,"OR"
"birthtype","Combined delivery-order (Birth type)","Fig. 2b",3482,0.8216,"(Intercept)",-4.1561,0.016,0.01,0.024,2.448e-83,"OR"
"birthtype","Combined delivery-order (Birth type)","Fig. 2b",3482,0.8216,"`Maternal age at OGTT`",0.0962,1.101,0.946,1.281,0.2128,"OR"
"birthtype","Combined delivery-order (Birth type)","Fig. 2b",3482,0.8216,"`Maternal BMI at OGTT`",0.047,1.048,0.908,1.207,0.5178,"OR"
"birthtype","Combined delivery-order (Birth type)","Fig. 2b",3482,0.8216,"EthnicityBlack",0.6758,1.966,1.325,2.909,0.0007445,"OR"
"birthtype","Combined delivery-order (Birth type)","Fig. 2b",3482,0.8216,"EthnicityAsian",-0.2286,0.796,0.485,1.283,0.3564,"OR"
"birthtype","Combined delivery-order (Birth type)","Fig. 2b",3482,0.8216,"EthnicityHispanic",0.0442,1.045,0.717,1.518,0.8172,"OR"
"birthtype","Combined delivery-order (Birth type)","Fig. 2b",3482,0.8216,"`Maternal GDM`",0.1168,1.124,0.989,1.275,0.07144,"OR"
"birthtype","Combined delivery-order (Birth type)","Fig. 2b",3482,0.8216,"`Age of gestation at delivery`",-0.1903,0.827,0.712,0.958,0.01183,"OR"
"birthtype","Combined delivery-order (Birth type)","Fig. 2b",3482,0.8216,"Birthweight",0.8428,2.323,1.872,2.89,2.647e-14,"OR"
"birthtype","Combined delivery-order (Birth type)","Fig. 2b",3482,0.8216,"`Neonatal sex (female)`2",0.8429,2.323,1.762,3.079,3.085e-09,"OR"
"birthtype","Combined delivery-order (Birth type)","Fig. 2b",3482,0.8216,"m_HbA1c_percent",0.166,1.181,1.015,1.374,0.03197,"OR"
"birthtype","Combined delivery-order (Birth type)","Fig. 2b",3482,0.8216,"b_N_HCMn",-0.1347,0.874,0.724,1.047,0.155,"OR"
"birthtype","Combined delivery-order (Birth type)","Fig. 2b",3482,0.8216,"b_N_LNGMn",-0.1674,0.846,0.704,1.018,0.07543,"OR"
"birthtype","Combined delivery-order (Birth type)","Fig. 2b",3482,0.8216,"HOMA2_IR",0.2963,1.345,1.176,1.535,1.278e-05,"OR"
"birthtype","Combined delivery-order (Birth type)","Fig. 2b",3482,0.8216,"WtMgain.till.OGTT",0.1492,1.161,1.025,1.316,0.0192,"OR"
"birthtype","Combined delivery-order (Birth type)","Fig. 2b",3482,0.8216,"b_CordPGC_mmol.L",0.6734,1.961,1.679,2.294,2.283e-17,"OR"
"birthtype","Combined delivery-order (Birth type)","Fig. 2b",3482,0.8216,"`Birth type`Non-first born, vaginal delivery",0.6895,1.993,1.365,2.945,0.0004304,"OR"
"birthtype","Combined delivery-order (Birth type)","Fig. 2b",3482,0.8216,"`Birth type`First born, Cesarean section",1.4777,4.383,2.743,7.024,6.806e-10,"OR"
"birthtype","Combined delivery-order (Birth type)","Fig. 2b",3482,0.8216,"`Birth type`Non-first born, Cesarean section",1.4794,4.39,2.663,7.264,7.126e-09,"OR"
"birthtype","Combined delivery-order (Birth type)","Fig. 2b",3482,0.8216,"b_CordPGC_mmol.L:`Cesarean Section`1",0.2247,1.252,0.973,1.622,0.08446,"OR"
"alt_glycemic","Alternative glycemic covariates","Supplementary Fig. 1",3482,0.8259,"(Intercept)",-3.4187,0.033,0.022,0.048,1.796e-67,"OR"
"alt_glycemic","Alternative glycemic covariates","Supplementary Fig. 1",3482,0.8259,"`Maternal age at OGTT`",0.0437,1.045,0.894,1.22,0.5807,"OR"
"alt_glycemic","Alternative glycemic covariates","Supplementary Fig. 1",3482,0.8259,"`Maternal BMI at OGTT`",0.021,1.021,0.882,1.179,0.7765,"OR"
"alt_glycemic","Alternative glycemic covariates","Supplementary Fig. 1",3482,0.8259,"EthnicityBlack",0.701,2.016,1.354,2.996,0.0005329,"OR"
"alt_glycemic","Alternative glycemic covariates","Supplementary Fig. 1",3482,0.8259,"EthnicityAsian",-0.5035,0.604,0.36,0.997,0.05214,"OR"
"alt_glycemic","Alternative glycemic covariates","Supplementary Fig. 1",3482,0.8259,"EthnicityHispanic",-0.0358,0.965,0.659,1.408,0.8532,"OR"
"alt_glycemic","Alternative glycemic covariates","Supplementary Fig. 1",3482,0.8259,"`1st time pregnant`TRUE",-0.739,0.478,0.322,0.699,0.0001791,"OR"
"alt_glycemic","Alternative glycemic covariates","Supplementary Fig. 1",3482,0.8259,"`Cesarean Section`1",0.7629,2.144,1.439,3.171,0.0001508,"OR"
"alt_glycemic","Alternative glycemic covariates","Supplementary Fig. 1",3482,0.8259,"`Age of gestation at delivery`",-0.1577,0.854,0.735,0.992,0.03866,"OR"
"alt_glycemic","Alternative glycemic covariates","Supplementary Fig. 1",3482,0.8259,"Birthweight",0.8204,2.271,1.829,2.828,1.573e-13,"OR"
"alt_glycemic","Alternative glycemic covariates","Supplementary Fig. 1",3482,0.8259,"`Neonatal sex (female)`2",0.842,2.321,1.758,3.082,4.042e-09,"OR"
"alt_glycemic","Alternative glycemic covariates","Supplementary Fig. 1",3482,0.8259,"m_HbA1c_percent",0.1029,1.108,0.949,1.295,0.1951,"OR"
"alt_glycemic","Alternative glycemic covariates","Supplementary Fig. 1",3482,0.8259,"b_N_HCMn",-0.1528,0.858,0.709,1.031,0.1119,"OR"
"alt_glycemic","Alternative glycemic covariates","Supplementary Fig. 1",3482,0.8259,"b_N_LNGMn",-0.17,0.844,0.702,1.015,0.07067,"OR"
"alt_glycemic","Alternative glycemic covariates","Supplementary Fig. 1",3482,0.8259,"WtMgain.till.OGTT",0.163,1.177,1.039,1.336,0.01091,"OR"
"alt_glycemic","Alternative glycemic covariates","Supplementary Fig. 1",3482,0.8259,"b_CordPGC_mmol.L",0.6499,1.915,1.638,2.244,4.958e-16,"OR"
"alt_glycemic","Alternative glycemic covariates","Supplementary Fig. 1",3482,0.8259,"`Maternal fasting CP`",0.2885,1.334,1.149,1.547,0.0001421,"OR"
"alt_glycemic","Alternative glycemic covariates","Supplementary Fig. 1",3482,0.8259,"`Fasting PG at OGTT`",0.0393,1.04,0.886,1.221,0.631,"OR"
"alt_glycemic","Alternative glycemic covariates","Supplementary Fig. 1",3482,0.8259,"`One hour PG at OGTT`",0.3675,1.444,1.207,1.73,6.301e-05,"OR"
"alt_glycemic","Alternative glycemic covariates","Supplementary Fig. 1",3482,0.8259,"`Two hour PG at OGTT`",-0.0211,0.979,0.831,1.153,0.7998,"OR"
"alt_glycemic","Alternative glycemic covariates","Supplementary Fig. 1",3482,0.8259,"`1st time pregnant`TRUE:`Cesarean Section`1",0.6876,1.989,1.104,3.593,0.02218,"OR"
"alt_glycemic","Alternative glycemic covariates","Supplementary Fig. 1",3482,0.8259,"`Cesarean Section`1:b_CordPGC_mmol.L",0.2396,1.271,0.987,1.646,0.06592,"OR"
"birth_order_excluded","Birth order excluded","Supplementary Fig. 2",3996,0.8172,"(Intercept)",-3.7802,0.023,0.016,0.031,8.36e-112,"OR"
"birth_order_excluded","Birth order excluded","Supplementary Fig. 2",3996,0.8172,"`Maternal age at OGTT`",0.1025,1.108,0.972,1.263,0.1256,"OR"
"birth_order_excluded","Birth order excluded","Supplementary Fig. 2",3996,0.8172,"`Maternal BMI at OGTT`",0.0301,1.031,0.902,1.175,0.6551,"OR"
"birth_order_excluded","Birth order excluded","Supplementary Fig. 2",3996,0.8172,"EthnicityBlack",0.7329,2.081,1.43,3.023,0.0001228,"OR"
"birth_order_excluded","Birth order excluded","Supplementary Fig. 2",3996,0.8172,"EthnicityAsian",0.3663,1.442,0.999,2.079,0.05004,"OR"
"birth_order_excluded","Birth order excluded","Supplementary Fig. 2",3996,0.8172,"EthnicityHispanic",0.1493,1.161,0.811,1.655,0.4111,"OR"
"birth_order_excluded","Birth order excluded","Supplementary Fig. 2",3996,0.8172,"`Cesarean Section`1",1.1009,3.007,2.282,3.963,5.137e-15,"OR"
"birth_order_excluded","Birth order excluded","Supplementary Fig. 2",3996,0.8172,"`Maternal GDM`",0.1261,1.134,1.011,1.271,0.03046,"OR"
"birth_order_excluded","Birth order excluded","Supplementary Fig. 2",3996,0.8172,"`Age of gestation at delivery`",-0.1719,0.842,0.736,0.962,0.01175,"OR"
"birth_order_excluded","Birth order excluded","Supplementary Fig. 2",3996,0.8172,"Birthweight",0.857,2.356,1.922,2.894,2.117e-16,"OR"
"birth_order_excluded","Birth order excluded","Supplementary Fig. 2",3996,0.8172,"`Neonatal sex (female)`2",0.7833,2.189,1.704,2.823,1.181e-09,"OR"
"birth_order_excluded","Birth order excluded","Supplementary Fig. 2",3996,0.8172,"m_HbA1c_percent",0.2047,1.227,1.071,1.408,0.003281,"OR"
"birth_order_excluded","Birth order excluded","Supplementary Fig. 2",3996,0.8172,"b_N_HCMn",-0.1622,0.85,0.714,1.009,0.06698,"OR"
"birth_order_excluded","Birth order excluded","Supplementary Fig. 2",3996,0.8172,"b_N_LNGMn",-0.1317,0.877,0.738,1.043,0.136,"OR"
"birth_order_excluded","Birth order excluded","Supplementary Fig. 2",3996,0.8172,"HOMA2_IR",0.2909,1.338,1.188,1.503,1.169e-06,"OR"
"birth_order_excluded","Birth order excluded","Supplementary Fig. 2",3996,0.8172,"WtMgain.till.OGTT",0.1178,1.125,1.004,1.263,0.04431,"OR"
"birth_order_excluded","Birth order excluded","Supplementary Fig. 2",3996,0.8172,"b_CordPGC_mmol.L",0.6706,1.955,1.694,2.26,7.483e-20,"OR"
"birth_order_excluded","Birth order excluded","Supplementary Fig. 2",3996,0.8172,"`Cesarean Section`1:b_CordPGC_mmol.L",0.2293,1.258,1.01,1.575,0.04288,"OR"
"parity","Parity in exact form","Supplementary Fig. 3",3482,0.8222,"(Intercept)",-4.1652,0.016,0.01,0.023,2.408e-83,"OR"
"parity","Parity in exact form","Supplementary Fig. 3",3482,0.8222,"`Maternal age at OGTT`",0.1031,1.109,0.948,1.297,0.1975,"OR"
"parity","Parity in exact form","Supplementary Fig. 3",3482,0.8222,"`Maternal BMI at OGTT`",0.0457,1.047,0.906,1.206,0.5297,"OR"
"parity","Parity in exact form","Supplementary Fig. 3",3482,0.8222,"EthnicityBlack",0.6856,1.985,1.333,2.952,0.0007173,"OR"
"parity","Parity in exact form","Supplementary Fig. 3",3482,0.8222,"EthnicityAsian",-0.2299,0.795,0.484,1.282,0.3543,"OR"
"parity","Parity in exact form","Supplementary Fig. 3",3482,0.8222,"EthnicityHispanic",0.056,1.058,0.72,1.549,0.7742,"OR"
"parity","Parity in exact form","Supplementary Fig. 3",3482,0.8222,"`Maternal GDM`",0.119,1.126,0.991,1.278,0.06614,"OR"
"parity","Parity in exact form","Supplementary Fig. 3",3482,0.8222,"`Age of gestation at delivery`",-0.1935,0.824,0.71,0.955,0.01053,"OR"
"parity","Parity in exact form","Supplementary Fig. 3",3482,0.8222,"Birthweight",0.8466,2.332,1.878,2.903,2.538e-14,"OR"
"parity","Parity in exact form","Supplementary Fig. 3",3482,0.8222,"`Neonatal sex (female)`2",0.8487,2.337,1.772,3.098,2.522e-09,"OR"
"parity","Parity in exact form","Supplementary Fig. 3",3482,0.8222,"m_HbA1c_percent",0.1682,1.183,1.016,1.378,0.03016,"OR"
"parity","Parity in exact form","Supplementary Fig. 3",3482,0.8222,"b_N_HCMn",-0.1346,0.874,0.724,1.047,0.1554,"OR"
"parity","Parity in exact form","Supplementary Fig. 3",3482,0.8222,"b_N_LNGMn",-0.1656,0.847,0.705,1.021,0.07981,"OR"
"parity","Parity in exact form","Supplementary Fig. 3",3482,0.8222,"HOMA2_IR",0.2975,1.346,1.178,1.537,1.142e-05,"OR"
"parity","Parity in exact form","Supplementary Fig. 3",3482,0.8222,"WtMgain.till.OGTT",0.1478,1.159,1.024,1.315,0.02061,"OR"
"parity","Parity in exact form","Supplementary Fig. 3",3482,0.8222,"b_CordPGC_mmol.L",0.6755,1.965,1.681,2.301,2.795e-17,"OR"
"parity","Parity in exact form","Supplementary Fig. 3",3482,0.8222,"Parity1",0.6542,1.924,1.282,2.907,0.001711,"OR"
"parity","Parity in exact form","Supplementary Fig. 3",3482,0.8222,"Parity2",0.8189,2.268,1.375,3.726,0.001255,"OR"
"parity","Parity in exact form","Supplementary Fig. 3",3482,0.8222,"Parity3+",0.5089,1.663,0.83,3.212,0.1387,"OR"
"parity","Parity in exact form","Supplementary Fig. 3",3482,0.8222,"Parity0:`Cesarean Section`1",1.4756,4.374,2.734,7.018,7.912e-10,"OR"
"parity","Parity in exact form","Supplementary Fig. 3",3482,0.8222,"Parity1:`Cesarean Section`1",0.8475,2.334,1.419,3.789,0.0006996,"OR"
"parity","Parity in exact form","Supplementary Fig. 3",3482,0.8222,"Parity2:`Cesarean Section`1",0.7501,2.117,0.983,4.349,0.04686,"OR"
"parity","Parity in exact form","Supplementary Fig. 3",3482,0.8222,"Parity3+:`Cesarean Section`1",0.5845,1.794,0.546,5.349,0.3097,"OR"
"parity","Parity in exact form","Supplementary Fig. 3",3482,0.8222,"b_CordPGC_mmol.L:`Cesarean Section`1",0.2268,1.255,0.973,1.628,0.08406,"OR"
"primary_repeat_cd","Primary vs repeat cesarean","Supplementary Fig. 4",3472,0.8238,"(Intercept)",-3.4501,0.032,0.021,0.046,6.601e-69,"OR"
"primary_repeat_cd","Primary vs repeat cesarean","Supplementary Fig. 4",3472,0.8238,"`Maternal age at OGTT`",0.0918,1.096,0.941,1.276,0.2378,"OR"
"primary_repeat_cd","Primary vs repeat cesarean","Supplementary Fig. 4",3472,0.8238,"`Maternal BMI at OGTT`",0.0637,1.066,0.922,1.229,0.3844,"OR"
"primary_repeat_cd","Primary vs repeat cesarean","Supplementary Fig. 4",3472,0.8238,"EthnicityBlack",0.6728,1.96,1.318,2.91,0.0008582,"OR"
"primary_repeat_cd","Primary vs repeat cesarean","Supplementary Fig. 4",3472,0.8238,"EthnicityAsian",-0.2375,0.789,0.478,1.277,0.3425,"OR"
"primary_repeat_cd","Primary vs repeat cesarean","Supplementary Fig. 4",3472,0.8238,"EthnicityHispanic",0.0198,1.02,0.697,1.488,0.9184,"OR"
"primary_repeat_cd","Primary vs repeat cesarean","Supplementary Fig. 4",3472,0.8238,"`1st time pregnant`TRUE",-0.6908,0.501,0.339,0.732,0.0004213,"OR"
"primary_repeat_cd","Primary vs repeat cesarean","Supplementary Fig. 4",3472,0.8238,"`Maternal GDM`",0.1096,1.116,0.98,1.268,0.09525,"OR"
"primary_repeat_cd","Primary vs repeat cesarean","Supplementary Fig. 4",3472,0.8238,"`Age of gestation at delivery`",-0.1994,0.819,0.705,0.951,0.009165,"OR"
"primary_repeat_cd","Primary vs repeat cesarean","Supplementary Fig. 4",3472,0.8238,"Birthweight",0.8341,2.303,1.853,2.869,7.232e-14,"OR"
"primary_repeat_cd","Primary vs repeat cesarean","Supplementary Fig. 4",3472,0.8238,"`Neonatal sex (female)`2",0.8402,2.317,1.755,3.075,4.111e-09,"OR"
"primary_repeat_cd","Primary vs repeat cesarean","Supplementary Fig. 4",3472,0.8238,"m_HbA1c_percent",0.1588,1.172,1.006,1.366,0.04138,"OR"
"primary_repeat_cd","Primary vs repeat cesarean","Supplementary Fig. 4",3472,0.8238,"b_N_HCMn",-0.1413,0.868,0.719,1.042,0.1386,"OR"
"primary_repeat_cd","Primary vs repeat cesarean","Supplementary Fig. 4",3472,0.8238,"b_N_LNGMn",-0.144,0.866,0.718,1.046,0.1333,"OR"
"primary_repeat_cd","Primary vs repeat cesarean","Supplementary Fig. 4",3472,0.8238,"HOMA2_IR",0.2806,1.324,1.156,1.513,4.377e-05,"OR"
"primary_repeat_cd","Primary vs repeat cesarean","Supplementary Fig. 4",3472,0.8238,"WtMgain.till.OGTT",0.1459,1.157,1.022,1.313,0.02225,"OR"
"primary_repeat_cd","Primary vs repeat cesarean","Supplementary Fig. 4",3472,0.8238,"b_CordPGC_mmol.L",0.6713,1.957,1.676,2.289,2.63e-17,"OR"
"primary_repeat_cd","Primary vs repeat cesarean","Supplementary Fig. 4",3472,0.8238,"DelType3Primary cesarean delivery",0.9297,2.534,1.431,4.343,0.0009844,"OR"
"primary_repeat_cd","Primary vs repeat cesarean","Supplementary Fig. 4",3472,0.8238,"DelType3Repeat cesarean delivery",0.9638,2.622,1.533,4.456,0.0003826,"OR"
"primary_repeat_cd","Primary vs repeat cesarean","Supplementary Fig. 4",3472,0.8238,"b_CordPGC_mmol.L:DelType3Primary cesarean delivery",0.0789,1.082,0.823,1.433,0.5761,"OR"
"primary_repeat_cd","Primary vs repeat cesarean","Supplementary Fig. 4",3472,0.8238,"b_CordPGC_mmol.L:DelType3Repeat cesarean delivery",0.8581,2.359,1.409,4.258,0.002253,"OR"
"primary_repeat_cd","Primary vs repeat cesarean","Supplementary Fig. 4",3472,0.8238,"`1st time pregnant`TRUE:DelType3Primary cesarean delivery",0.5675,1.764,0.886,3.581,0.1103,"OR"
"primary_repeat_cd","Primary vs repeat cesarean","Supplementary Fig. 4",3472,0.8238,"`1st time pregnant`TRUE:DelType3Repeat cesarean delivery",NA,NA,NA,NA,NA,"OR"
"anc_european","Ancestry: European","Supplementary Fig. 5",1353,0.8232,"(Intercept)",-3.058,0.047,0.028,0.075,4.843e-34,"OR"
"anc_european","Ancestry: European","Supplementary Fig. 5",1353,0.8232,"`Maternal age at OGTT`",0.0596,1.061,0.846,1.337,0.6087,"OR"
"anc_european","Ancestry: European","Supplementary Fig. 5",1353,0.8232,"`Maternal BMI at OGTT`",-0.0117,0.988,0.775,1.252,0.9235,"OR"
"anc_european","Ancestry: European","Supplementary Fig. 5",1353,0.8232,"`1st time pregnant`TRUE",-1.1907,0.304,0.158,0.564,0.0002342,"OR"
"anc_european","Ancestry: European","Supplementary Fig. 5",1353,0.8232,"`Cesarean Section`1",0.6518,1.919,0.967,3.754,0.05876,"OR"
"anc_european","Ancestry: European","Supplementary Fig. 5",1353,0.8232,"`Maternal GDM`",0.0292,1.03,0.841,1.25,0.7722,"OR"
"anc_european","Ancestry: European","Supplementary Fig. 5",1353,0.8232,"`Age of gestation at delivery`",-0.2133,0.808,0.625,1.044,0.1034,"OR"
"anc_european","Ancestry: European","Supplementary Fig. 5",1353,0.8232,"Birthweight",0.8513,2.343,1.641,3.367,3.341e-06,"OR"
"anc_european","Ancestry: European","Supplementary Fig. 5",1353,0.8232,"`Neonatal sex (female)`2",0.7196,2.054,1.317,3.24,0.00169,"OR"
"anc_european","Ancestry: European","Supplementary Fig. 5",1353,0.8232,"m_HbA1c_percent",0.1009,1.106,0.886,1.38,0.3718,"OR"
"anc_european","Ancestry: European","Supplementary Fig. 5",1353,0.8232,"b_N_HCMn",-0.3555,0.701,0.508,0.965,0.03053,"OR"
"anc_european","Ancestry: European","Supplementary Fig. 5",1353,0.8232,"b_N_LNGMn",0.0401,1.041,0.748,1.442,0.8111,"OR"
"anc_european","Ancestry: European","Supplementary Fig. 5",1353,0.8232,"HOMA2_IR",0.4113,1.509,1.199,1.89,0.0003683,"OR"
"anc_european","Ancestry: European","Supplementary Fig. 5",1353,0.8232,"WtMgain.till.OGTT",0.1576,1.171,0.952,1.45,0.1436,"OR"
"anc_european","Ancestry: European","Supplementary Fig. 5",1353,0.8232,"b_CordPGC_mmol.L",0.5881,1.8,1.392,2.316,5.139e-06,"OR"
"anc_european","Ancestry: European","Supplementary Fig. 5",1353,0.8232,"`1st time pregnant`TRUE:`Cesarean Section`1",0.9302,2.535,0.992,6.598,0.05365,"OR"
"anc_european","Ancestry: European","Supplementary Fig. 5",1353,0.8232,"`Cesarean Section`1:b_CordPGC_mmol.L",0.3804,1.463,0.939,2.343,0.1016,"OR"
"anc_afrocaribbean","Ancestry: Afro-Caribbean","Supplementary Fig. 6",715,0.8493,"(Intercept)",-3.5936,0.027,0.013,0.054,5.779e-23,"OR"
"anc_afrocaribbean","Ancestry: Afro-Caribbean","Supplementary Fig. 6",715,0.8493,"`Maternal age at OGTT`",0.0878,1.092,0.786,1.502,0.5939,"OR"
"anc_afrocaribbean","Ancestry: Afro-Caribbean","Supplementary Fig. 6",715,0.8493,"`Maternal BMI at OGTT`",0.1881,1.207,0.901,1.614,0.2034,"OR"
"anc_afrocaribbean","Ancestry: Afro-Caribbean","Supplementary Fig. 6",715,0.8493,"`1st time pregnant`TRUE",-0.4546,0.635,0.308,1.283,0.2095,"OR"
"anc_afrocaribbean","Ancestry: Afro-Caribbean","Supplementary Fig. 6",715,0.8493,"`Cesarean Section`1",1.079,2.942,0.917,8.753,0.05819,"OR"
"anc_afrocaribbean","Ancestry: Afro-Caribbean","Supplementary Fig. 6",715,0.8493,"`Maternal GDM`",0.2,1.221,0.933,1.59,0.14,"OR"
"anc_afrocaribbean","Ancestry: Afro-Caribbean","Supplementary Fig. 6",715,0.8493,"`Age of gestation at delivery`",0.0018,1.002,0.748,1.342,0.9905,"OR"
"anc_afrocaribbean","Ancestry: Afro-Caribbean","Supplementary Fig. 6",715,0.8493,"Birthweight",1.0175,2.766,1.772,4.405,1.12e-05,"OR"
"anc_afrocaribbean","Ancestry: Afro-Caribbean","Supplementary Fig. 6",715,0.8493,"`Neonatal sex (female)`2",1.3325,3.79,2.051,7.297,3.599e-05,"OR"
"anc_afrocaribbean","Ancestry: Afro-Caribbean","Supplementary Fig. 6",715,0.8493,"m_HbA1c_percent",0.2862,1.331,0.998,1.764,0.04749,"OR"
"anc_afrocaribbean","Ancestry: Afro-Caribbean","Supplementary Fig. 6",715,0.8493,"b_N_HCMn",-0.1015,0.903,0.621,1.323,0.5979,"OR"
"anc_afrocaribbean","Ancestry: Afro-Caribbean","Supplementary Fig. 6",715,0.8493,"b_N_LNGMn",-0.4031,0.668,0.463,0.962,0.0304,"OR"
"anc_afrocaribbean","Ancestry: Afro-Caribbean","Supplementary Fig. 6",715,0.8493,"HOMA2_IR",0.1933,1.213,0.904,1.619,0.1965,"OR"
"anc_afrocaribbean","Ancestry: Afro-Caribbean","Supplementary Fig. 6",715,0.8493,"WtMgain.till.OGTT",0.3433,1.41,1.064,1.881,0.01783,"OR"
"anc_afrocaribbean","Ancestry: Afro-Caribbean","Supplementary Fig. 6",715,0.8493,"b_CordPGC_mmol.L",0.5825,1.791,1.316,2.479,0.0002833,"OR"
"anc_afrocaribbean","Ancestry: Afro-Caribbean","Supplementary Fig. 6",715,0.8493,"`1st time pregnant`TRUE:`Cesarean Section`1",0.7657,2.151,0.501,9.495,0.304,"OR"
"anc_afrocaribbean","Ancestry: Afro-Caribbean","Supplementary Fig. 6",715,0.8493,"`Cesarean Section`1:b_CordPGC_mmol.L",0.1423,1.153,0.563,2.467,0.7035,"OR"
"anc_hispanic","Ancestry: Hispanic","Supplementary Fig. 7",796,0.8,"(Intercept)",-3.2747,0.038,0.021,0.063,5.125e-32,"OR"
"anc_hispanic","Ancestry: Hispanic","Supplementary Fig. 7",796,0.8,"`Maternal age at OGTT`",0.1334,1.143,0.843,1.547,0.3877,"OR"
"anc_hispanic","Ancestry: Hispanic","Supplementary Fig. 7",796,0.8,"`Maternal BMI at OGTT`",-0.1254,0.882,0.644,1.191,0.4221,"OR"
"anc_hispanic","Ancestry: Hispanic","Supplementary Fig. 7",796,0.8,"`1st time pregnant`TRUE",-0.1957,0.822,0.332,1.912,0.6595,"OR"
"anc_hispanic","Ancestry: Hispanic","Supplementary Fig. 7",796,0.8,"`Cesarean Section`1",0.3684,1.445,0.671,2.985,0.3303,"OR"
"anc_hispanic","Ancestry: Hispanic","Supplementary Fig. 7",796,0.8,"`Maternal GDM`",0.1213,1.129,0.859,1.478,0.3796,"OR"
"anc_hispanic","Ancestry: Hispanic","Supplementary Fig. 7",796,0.8,"`Age of gestation at delivery`",-0.4542,0.635,0.464,0.863,0.004,"OR"
"anc_hispanic","Ancestry: Hispanic","Supplementary Fig. 7",796,0.8,"Birthweight",0.5759,1.779,1.165,2.726,0.007797,"OR"
"anc_hispanic","Ancestry: Hispanic","Supplementary Fig. 7",796,0.8,"`Neonatal sex (female)`2",0.7703,2.16,1.248,3.805,0.006587,"OR"
"anc_hispanic","Ancestry: Hispanic","Supplementary Fig. 7",796,0.8,"m_HbA1c_percent",0.1113,1.118,0.828,1.516,0.4703,"OR"
"anc_hispanic","Ancestry: Hispanic","Supplementary Fig. 7",796,0.8,"b_N_HCMn",0.1402,1.151,0.817,1.625,0.4229,"OR"
"anc_hispanic","Ancestry: Hispanic","Supplementary Fig. 7",796,0.8,"b_N_LNGMn",-0.0256,0.975,0.663,1.456,0.8982,"OR"
"anc_hispanic","Ancestry: Hispanic","Supplementary Fig. 7",796,0.8,"HOMA2_IR",0.5445,1.724,1.261,2.352,0.0005846,"OR"
"anc_hispanic","Ancestry: Hispanic","Supplementary Fig. 7",796,0.8,"WtMgain.till.OGTT",-0.1428,0.867,0.663,1.116,0.2825,"OR"
"anc_hispanic","Ancestry: Hispanic","Supplementary Fig. 7",796,0.8,"b_CordPGC_mmol.L",0.723,2.061,1.514,2.832,5.59e-06,"OR"
"anc_hispanic","Ancestry: Hispanic","Supplementary Fig. 7",796,0.8,"`1st time pregnant`TRUE:`Cesarean Section`1",0.8021,2.23,0.591,8.373,0.2328,"OR"
"anc_hispanic","Ancestry: Hispanic","Supplementary Fig. 7",796,0.8,"`Cesarean Section`1:b_CordPGC_mmol.L",0.1814,1.199,0.689,2.116,0.525,"OR"
"anc_thai","Ancestry: Thai","Supplementary Fig. 8",618,0.8853,"(Intercept)",-4.3299,0.013,0.005,0.03,6.886e-21,"OR"
"anc_thai","Ancestry: Thai","Supplementary Fig. 8",618,0.8853,"`Maternal age at OGTT`",0.3289,1.39,0.924,2.103,0.1153,"OR"
"anc_thai","Ancestry: Thai","Supplementary Fig. 8",618,0.8853,"`Maternal BMI at OGTT`",-0.1571,0.855,0.56,1.273,0.45,"OR"
"anc_thai","Ancestry: Thai","Supplementary Fig. 8",618,0.8853,"`1st time pregnant`TRUE",-0.4451,0.641,0.129,2.382,0.5381,"OR"
"anc_thai","Ancestry: Thai","Supplementary Fig. 8",618,0.8853,"`Cesarean Section`1",1.3958,4.038,1.38,11.89,0.01033,"OR"
"anc_thai","Ancestry: Thai","Supplementary Fig. 8",618,0.8853,"`Maternal GDM`",0.1678,1.183,0.811,1.704,0.3727,"OR"
"anc_thai","Ancestry: Thai","Supplementary Fig. 8",618,0.8853,"`Age of gestation at delivery`",0.1577,1.171,0.785,1.728,0.4309,"OR"
"anc_thai","Ancestry: Thai","Supplementary Fig. 8",618,0.8853,"Birthweight",1.4404,4.222,2.089,8.834,8.375e-05,"OR"
"anc_thai","Ancestry: Thai","Supplementary Fig. 8",618,0.8853,"`Neonatal sex (female)`2",0.544,1.723,0.774,3.991,0.1903,"OR"
"anc_thai","Ancestry: Thai","Supplementary Fig. 8",618,0.8853,"m_HbA1c_percent",0.0269,1.027,0.683,1.591,0.9004,"OR"
"anc_thai","Ancestry: Thai","Supplementary Fig. 8",618,0.8853,"b_N_HCMn",-0.2934,0.746,0.422,1.317,0.3113,"OR"
"anc_thai","Ancestry: Thai","Supplementary Fig. 8",618,0.8853,"b_N_LNGMn",-0.9485,0.387,0.199,0.74,0.004486,"OR"
"anc_thai","Ancestry: Thai","Supplementary Fig. 8",618,0.8853,"HOMA2_IR",0.1909,1.21,0.803,1.676,0.2964,"OR"
"anc_thai","Ancestry: Thai","Supplementary Fig. 8",618,0.8853,"WtMgain.till.OGTT",0.3277,1.388,0.933,2.1,0.1092,"OR"
"anc_thai","Ancestry: Thai","Supplementary Fig. 8",618,0.8853,"b_CordPGC_mmol.L",1.1423,3.134,1.888,5.56,2.806e-05,"OR"
"anc_thai","Ancestry: Thai","Supplementary Fig. 8",618,0.8853,"`1st time pregnant`TRUE:`Cesarean Section`1",0.7667,2.153,0.341,15.426,0.4226,"OR"
"anc_thai","Ancestry: Thai","Supplementary Fig. 8",618,0.8853,"`Cesarean Section`1:b_CordPGC_mmol.L",-0.0995,0.905,0.455,1.772,0.7723,"OR"
"birthtype_cp95","Combined delivery-order, 95th pct","Supplementary Fig. 9a",3482,0.854,"(Intercept)",-4.847,0.008,0.004,0.014,8.277e-61,"OR"
"birthtype_cp95","Combined delivery-order, 95th pct","Supplementary Fig. 9a",3482,0.854,"`Maternal age at OGTT`",0.1514,1.163,0.947,1.428,0.1481,"OR"
"birthtype_cp95","Combined delivery-order, 95th pct","Supplementary Fig. 9a",3482,0.854,"`Maternal BMI at OGTT`",0.1024,1.108,0.917,1.33,0.2787,"OR"
"birthtype_cp95","Combined delivery-order, 95th pct","Supplementary Fig. 9a",3482,0.854,"EthnicityBlack",0.6674,1.949,1.154,3.272,0.01192,"OR"
"birthtype_cp95","Combined delivery-order, 95th pct","Supplementary Fig. 9a",3482,0.854,"EthnicityAsian",-0.2726,0.761,0.381,1.463,0.4251,"OR"
"birthtype_cp95","Combined delivery-order, 95th pct","Supplementary Fig. 9a",3482,0.854,"EthnicityHispanic",-0.128,0.88,0.523,1.464,0.6253,"OR"
"birthtype_cp95","Combined delivery-order, 95th pct","Supplementary Fig. 9a",3482,0.854,"`Maternal GDM`",0.1124,1.119,0.944,1.321,0.1894,"OR"
"birthtype_cp95","Combined delivery-order, 95th pct","Supplementary Fig. 9a",3482,0.854,"`Age of gestation at delivery`",-0.2629,0.769,0.629,0.938,0.01002,"OR"
"birthtype_cp95","Combined delivery-order, 95th pct","Supplementary Fig. 9a",3482,0.854,"Birthweight",0.8891,2.433,1.823,3.258,1.864e-09,"OR"
"birthtype_cp95","Combined delivery-order, 95th pct","Supplementary Fig. 9a",3482,0.854,"`Neonatal sex (female)`2",0.6587,1.932,1.333,2.821,0.0005561,"OR"
"birthtype_cp95","Combined delivery-order, 95th pct","Supplementary Fig. 9a",3482,0.854,"m_HbA1c_percent",0.1741,1.19,0.969,1.462,0.09678,"OR"
"birthtype_cp95","Combined delivery-order, 95th pct","Supplementary Fig. 9a",3482,0.854,"b_N_HCMn",-0.0995,0.905,0.706,1.14,0.424,"OR"
"birthtype_cp95","Combined delivery-order, 95th pct","Supplementary Fig. 9a",3482,0.854,"b_N_LNGMn",-0.1746,0.84,0.659,1.074,0.1613,"OR"
"birthtype_cp95","Combined delivery-order, 95th pct","Supplementary Fig. 9a",3482,0.854,"HOMA2_IR",0.2898,1.336,1.129,1.573,0.0006113,"OR"
"birthtype_cp95","Combined delivery-order, 95th pct","Supplementary Fig. 9a",3482,0.854,"WtMgain.till.OGTT",0.056,1.058,0.898,1.245,0.5021,"OR"
"birthtype_cp95","Combined delivery-order, 95th pct","Supplementary Fig. 9a",3482,0.854,"b_CordPGC_mmol.L",0.7179,2.05,1.684,2.496,6.999e-13,"OR"
"birthtype_cp95","Combined delivery-order, 95th pct","Supplementary Fig. 9a",3482,0.854,"`Birth type`Non-first born, vaginal delivery",0.5544,1.741,1.03,3.016,0.04228,"OR"
"birthtype_cp95","Combined delivery-order, 95th pct","Supplementary Fig. 9a",3482,0.854,"`Birth type`First born, Cesarean section",1.598,4.943,2.653,9.335,5.844e-07,"OR"
"birthtype_cp95","Combined delivery-order, 95th pct","Supplementary Fig. 9a",3482,0.854,"`Birth type`Non-first born, Cesarean section",1.3024,3.678,1.843,7.383,0.0002239,"OR"
"birthtype_cp95","Combined delivery-order, 95th pct","Supplementary Fig. 9a",3482,0.854,"b_CordPGC_mmol.L:`Cesarean Section`1",0.3026,1.353,0.999,1.852,0.05433,"OR"
"continuous_logcp","Continuous log cord C-peptide","Supplementary Fig. 9c",3482,NA,"(Intercept)",-0.124,0.883,0.849,0.919,1.247e-09,"fold-change"
"continuous_logcp","Continuous log cord C-peptide","Supplementary Fig. 9c",3482,NA,"`Maternal age at OGTT`",0.0081,1.008,0.99,1.026,0.3738,"fold-change"
"continuous_logcp","Continuous log cord C-peptide","Supplementary Fig. 9c",3482,NA,"`Maternal BMI at OGTT`",0.0116,1.012,0.993,1.031,0.2215,"fold-change"
"continuous_logcp","Continuous log cord C-peptide","Supplementary Fig. 9c",3482,NA,"EthnicityBlack",-0.0151,0.985,0.939,1.033,0.5332,"fold-change"
"continuous_logcp","Continuous log cord C-peptide","Supplementary Fig. 9c",3482,NA,"EthnicityAsian",-0.0674,0.935,0.888,0.985,0.01102,"fold-change"
"continuous_logcp","Continuous log cord C-peptide","Supplementary Fig. 9c",3482,NA,"EthnicityHispanic",-0.0802,0.923,0.882,0.966,0.0005491,"fold-change"
"continuous_logcp","Continuous log cord C-peptide","Supplementary Fig. 9c",3482,NA,"`1st time pregnant`TRUE",-0.1648,0.848,0.815,0.883,1.341e-15,"fold-change"
"continuous_logcp","Continuous log cord C-peptide","Supplementary Fig. 9c",3482,NA,"`Cesarean Section`1",0.1226,1.13,1.072,1.192,6.247e-06,"fold-change"
"continuous_logcp","Continuous log cord C-peptide","Supplementary Fig. 9c",3482,NA,"`Maternal GDM`",0.0202,1.02,1.003,1.038,0.02175,"fold-change"
"continuous_logcp","Continuous log cord C-peptide","Supplementary Fig. 9c",3482,NA,"`Age of gestation at delivery`",-0.05,0.951,0.935,0.968,1.29e-08,"fold-change"
"continuous_logcp","Continuous log cord C-peptide","Supplementary Fig. 9c",3482,NA,"Birthweight",0.1369,1.147,1.117,1.177,2.902e-24,"fold-change"
"continuous_logcp","Continuous log cord C-peptide","Supplementary Fig. 9c",3482,NA,"`Neonatal sex (female)`2",0.1446,1.156,1.12,1.192,3.227e-19,"fold-change"
"continuous_logcp","Continuous log cord C-peptide","Supplementary Fig. 9c",3482,NA,"m_HbA1c_percent",0.0188,1.019,1.002,1.037,0.03117,"fold-change"
"continuous_logcp","Continuous log cord C-peptide","Supplementary Fig. 9c",3482,NA,"b_N_HCMn",-0.0202,0.98,0.959,1.001,0.06078,"fold-change"
"continuous_logcp","Continuous log cord C-peptide","Supplementary Fig. 9c",3482,NA,"b_N_LNGMn",-0.0152,0.985,0.963,1.008,0.191,"fold-change"
"continuous_logcp","Continuous log cord C-peptide","Supplementary Fig. 9c",3482,NA,"HOMA2_IR",0.0755,1.078,1.058,1.099,2.3e-14,"fold-change"
"continuous_logcp","Continuous log cord C-peptide","Supplementary Fig. 9c",3482,NA,"WtMgain.till.OGTT",0.0102,1.01,0.994,1.026,0.2109,"fold-change"
"continuous_logcp","Continuous log cord C-peptide","Supplementary Fig. 9c",3482,NA,"b_CordPGC_mmol.L",0.1296,1.138,1.116,1.161,8.856e-38,"fold-change"
"continuous_logcp","Continuous log cord C-peptide","Supplementary Fig. 9c",3482,NA,"`1st time pregnant`TRUE:`Cesarean Section`1",0.1696,1.185,1.1,1.276,6.956e-06,"fold-change"
"continuous_logcp","Continuous log cord C-peptide","Supplementary Fig. 9c",3482,NA,"`Cesarean Section`1:b_CordPGC_mmol.L",0.0187,1.019,0.983,1.056,0.3076,"fold-change"
"main_cp95","Final model, 95th-pct outcome","Supplementary Fig. 9 (main 95th)",3482,0.8554,"(Intercept)",-4.2904,0.014,0.008,0.023,3.823e-54,"OR"
"main_cp95","Final model, 95th-pct outcome","Supplementary Fig. 9 (main 95th)",3482,0.8554,"`Maternal age at OGTT`",0.148,1.159,0.942,1.426,0.1613,"OR"
"main_cp95","Final model, 95th-pct outcome","Supplementary Fig. 9 (main 95th)",3482,0.8554,"`Maternal BMI at OGTT`",0.12,1.128,0.844,1.49,0.4072,"OR"
"main_cp95","Final model, 95th-pct outcome","Supplementary Fig. 9 (main 95th)",3482,0.8554,"EthnicityBlack",0.6255,1.869,1.077,3.214,0.02447,"OR"
"main_cp95","Final model, 95th-pct outcome","Supplementary Fig. 9 (main 95th)",3482,0.8554,"EthnicityAsian",-0.2521,0.777,0.387,1.503,0.4646,"OR"
"main_cp95","Final model, 95th-pct outcome","Supplementary Fig. 9 (main 95th)",3482,0.8554,"EthnicityHispanic",0.0372,1.038,0.586,1.804,0.8964,"OR"
"main_cp95","Final model, 95th-pct outcome","Supplementary Fig. 9 (main 95th)",3482,0.8554,"`1st time pregnant`TRUE",-0.5466,0.579,0.334,0.979,0.04543,"OR"
"main_cp95","Final model, 95th-pct outcome","Supplementary Fig. 9 (main 95th)",3482,0.8554,"`Cesarean Section`1",0.6402,1.897,1.077,3.271,0.02349,"OR"
"main_cp95","Final model, 95th-pct outcome","Supplementary Fig. 9 (main 95th)",3482,0.8554,"`Maternal GDM`",0.1105,1.117,0.943,1.318,0.1957,"OR"
"main_cp95","Final model, 95th-pct outcome","Supplementary Fig. 9 (main 95th)",3482,0.8554,"`Age of gestation at delivery`",-0.2811,0.755,0.617,0.922,0.006143,"OR"
"main_cp95","Final model, 95th-pct outcome","Supplementary Fig. 9 (main 95th)",3482,0.8554,"Birthweight",0.8472,2.333,1.808,3.015,8.183e-11,"OR"
"main_cp95","Final model, 95th-pct outcome","Supplementary Fig. 9 (main 95th)",3482,0.8554,"`Neonatal sex (female)`2",0.6866,1.987,1.377,2.89,0.000277,"OR"
"main_cp95","Final model, 95th-pct outcome","Supplementary Fig. 9 (main 95th)",3482,0.8554,"m_HbA1c_percent",0.1745,1.191,0.969,1.463,0.0968,"OR"
"main_cp95","Final model, 95th-pct outcome","Supplementary Fig. 9 (main 95th)",3482,0.8554,"b_N_LNGMn",-0.2807,0.755,0.574,0.999,0.04692,"OR"
"main_cp95","Final model, 95th-pct outcome","Supplementary Fig. 9 (main 95th)",3482,0.8554,"HOMA2_IR",0.2994,1.349,1.138,1.591,0.0004604,"OR"
"main_cp95","Final model, 95th-pct outcome","Supplementary Fig. 9 (main 95th)",3482,0.8554,"b_CordPGC_mmol.L",0.718,2.05,1.686,2.494,5.55e-13,"OR"
"main_cp95","Final model, 95th-pct outcome","Supplementary Fig. 9 (main 95th)",3482,0.8554,"`Cesarean Section`1:b_N_LNGMn",0.2554,1.291,0.915,1.831,0.1483,"OR"
"main_cp95","Final model, 95th-pct outcome","Supplementary Fig. 9 (main 95th)",3482,0.8554,"`Cesarean Section`1:b_CordPGC_mmol.L",0.3071,1.359,1.003,1.863,0.05152,"OR"
"main_cp95","Final model, 95th-pct outcome","Supplementary Fig. 9 (main 95th)",3482,0.8554,"`1st time pregnant`TRUE:`Cesarean Section`1",0.8472,2.333,1.073,5.141,0.03364,"OR"
"main_cp95","Final model, 95th-pct outcome","Supplementary Fig. 9 (main 95th)",3482,0.8554,"`Maternal BMI at OGTT`:EthnicityBlack",0.1224,1.13,0.755,1.691,0.5503,"OR"
"main_cp95","Final model, 95th-pct outcome","Supplementary Fig. 9 (main 95th)",3482,0.8554,"`Maternal BMI at OGTT`:EthnicityAsian",0.1571,1.17,0.567,2.334,0.6607,"OR"
"main_cp95","Final model, 95th-pct outcome","Supplementary Fig. 9 (main 95th)",3482,0.8554,"`Maternal BMI at OGTT`:EthnicityHispanic",-0.2026,0.817,0.537,1.231,0.3372,"OR"
"skinfold","Final model + neonatal skinfolds","Skinfold model",3478,0.8221,"(Intercept)",-3.4676,0.031,0.021,0.046,2.792e-68,"OR"
"skinfold","Final model + neonatal skinfolds","Skinfold model",3478,0.8221,"`Maternal age at OGTT`",0.1,1.105,0.949,1.287,0.1974,"OR"
"skinfold","Final model + neonatal skinfolds","Skinfold model",3478,0.8221,"`Maternal BMI at OGTT`",0.0477,1.049,0.908,1.208,0.5116,"OR"
"skinfold","Final model + neonatal skinfolds","Skinfold model",3478,0.8221,"EthnicityBlack",0.6636,1.942,1.292,2.917,0.00139,"OR"
"skinfold","Final model + neonatal skinfolds","Skinfold model",3478,0.8221,"EthnicityAsian",-0.2433,0.784,0.461,1.313,0.3613,"OR"
"skinfold","Final model + neonatal skinfolds","Skinfold model",3478,0.8221,"EthnicityHispanic",0.0518,1.053,0.715,1.547,0.7923,"OR"
"skinfold","Final model + neonatal skinfolds","Skinfold model",3478,0.8221,"`1st time pregnant`TRUE",-0.6781,0.508,0.343,0.742,0.0005482,"OR"
"skinfold","Final model + neonatal skinfolds","Skinfold model",3478,0.8221,"`Cesarean Section`1",0.7874,2.198,1.475,3.248,8.94e-05,"OR"
"skinfold","Final model + neonatal skinfolds","Skinfold model",3478,0.8221,"`Maternal GDM`",0.1115,1.118,0.982,1.27,0.08841,"OR"
"skinfold","Final model + neonatal skinfolds","Skinfold model",3478,0.8221,"`Age of gestation at delivery`",-0.195,0.823,0.709,0.955,0.01034,"OR"
"skinfold","Final model + neonatal skinfolds","Skinfold model",3478,0.8221,"Birthweight",0.8489,2.337,1.814,3.019,6.306e-11,"OR"
"skinfold","Final model + neonatal skinfolds","Skinfold model",3478,0.8221,"`Neonatal sex (female)`2",0.846,2.33,1.762,3.099,4.098e-09,"OR"
"skinfold","Final model + neonatal skinfolds","Skinfold model",3478,0.8221,"m_HbA1c_percent",0.1662,1.181,1.015,1.375,0.03204,"OR"
"skinfold","Final model + neonatal skinfolds","Skinfold model",3478,0.8221,"b_N_HCMn",-0.1424,0.867,0.717,1.041,0.1366,"OR"
"skinfold","Final model + neonatal skinfolds","Skinfold model",3478,0.8221,"b_N_LNGMn",-0.1699,0.844,0.701,1.017,0.07391,"OR"
"skinfold","Final model + neonatal skinfolds","Skinfold model",3478,0.8221,"HOMA2_IR",0.2989,1.348,1.179,1.539,1.069e-05,"OR"
"skinfold","Final model + neonatal skinfolds","Skinfold model",3478,0.8221,"WtMgain.till.OGTT",0.1506,1.163,1.027,1.319,0.01825,"OR"
"skinfold","Final model + neonatal skinfolds","Skinfold model",3478,0.8221,"b_CordPGC_mmol.L",0.6738,1.962,1.68,2.296,2.598e-17,"OR"
"skinfold","Final model + neonatal skinfolds","Skinfold model",3478,0.8221,"b_N_FLMn",-0.0674,0.935,0.746,1.169,0.556,"OR"
"skinfold","Final model + neonatal skinfolds","Skinfold model",3478,0.8221,"b_N_SSMn",0.0651,1.067,0.836,1.36,0.599,"OR"
"skinfold","Final model + neonatal skinfolds","Skinfold model",3478,0.8221,"b_N_TRMn",-0.0043,0.996,0.798,1.239,0.9692,"OR"
"skinfold","Final model + neonatal skinfolds","Skinfold model",3478,0.8221,"`1st time pregnant`TRUE:`Cesarean Section`1",0.6821,1.978,1.102,3.56,0.02244,"OR"
"skinfold","Final model + neonatal skinfolds","Skinfold model",3478,0.8221,"`Cesarean Section`1:b_CordPGC_mmol.L",0.2243,1.252,0.971,1.623,0.08632,"OR"
"bmi_prepreg","Final model, pre-pregnancy BMI","Pre-pregnancy BMI model",3482,0.8216,"(Intercept)",-3.4677,0.031,0.021,0.045,7.506e-70,"OR"
"bmi_prepreg","Final model, pre-pregnancy BMI","Pre-pregnancy BMI model",3482,0.8216,"`Maternal age at OGTT`",0.096,1.101,0.946,1.281,0.2137,"OR"
"bmi_prepreg","Final model, pre-pregnancy BMI","Pre-pregnancy BMI model",3482,0.8216,"EthnicityBlack",0.6757,1.965,1.325,2.909,0.0007465,"OR"
"bmi_prepreg","Final model, pre-pregnancy BMI","Pre-pregnancy BMI model",3482,0.8216,"EthnicityAsian",-0.224,0.799,0.486,1.29,0.3668,"OR"
"bmi_prepreg","Final model, pre-pregnancy BMI","Pre-pregnancy BMI model",3482,0.8216,"EthnicityHispanic",0.0458,1.047,0.719,1.52,0.8101,"OR"
"bmi_prepreg","Final model, pre-pregnancy BMI","Pre-pregnancy BMI model",3482,0.8216,"`1st time pregnant`TRUE",-0.6901,0.502,0.339,0.732,0.0004241,"OR"
"bmi_prepreg","Final model, pre-pregnancy BMI","Pre-pregnancy BMI model",3482,0.8216,"`Cesarean Section`1",0.7906,2.205,1.482,3.255,8.008e-05,"OR"
"bmi_prepreg","Final model, pre-pregnancy BMI","Pre-pregnancy BMI model",3482,0.8216,"`Maternal GDM`",0.117,1.124,0.989,1.275,0.07094,"OR"
"bmi_prepreg","Final model, pre-pregnancy BMI","Pre-pregnancy BMI model",3482,0.8216,"`Age of gestation at delivery`",-0.1903,0.827,0.712,0.958,0.01186,"OR"
"bmi_prepreg","Final model, pre-pregnancy BMI","Pre-pregnancy BMI model",3482,0.8216,"Birthweight",0.8421,2.321,1.87,2.888,2.927e-14,"OR"
"bmi_prepreg","Final model, pre-pregnancy BMI","Pre-pregnancy BMI model",3482,0.8216,"`Neonatal sex (female)`2",0.8428,2.323,1.762,3.078,3.1e-09,"OR"
"bmi_prepreg","Final model, pre-pregnancy BMI","Pre-pregnancy BMI model",3482,0.8216,"m_HbA1c_percent",0.166,1.181,1.015,1.374,0.03191,"OR"
"bmi_prepreg","Final model, pre-pregnancy BMI","Pre-pregnancy BMI model",3482,0.8216,"b_N_HCMn",-0.1347,0.874,0.724,1.047,0.1551,"OR"
"bmi_prepreg","Final model, pre-pregnancy BMI","Pre-pregnancy BMI model",3482,0.8216,"b_N_LNGMn",-0.1675,0.846,0.704,1.018,0.07524,"OR"
"bmi_prepreg","Final model, pre-pregnancy BMI","Pre-pregnancy BMI model",3482,0.8216,"HOMA2_IR",0.2963,1.345,1.176,1.535,1.28e-05,"OR"
"bmi_prepreg","Final model, pre-pregnancy BMI","Pre-pregnancy BMI model",3482,0.8216,"WtMgain.till.OGTT",0.1679,1.183,1.039,1.347,0.01117,"OR"
"bmi_prepreg","Final model, pre-pregnancy BMI","Pre-pregnancy BMI model",3482,0.8216,"b_CordPGC_mmol.L",0.6735,1.961,1.68,2.294,2.224e-17,"OR"
"bmi_prepreg","Final model, pre-pregnancy BMI","Pre-pregnancy BMI model",3482,0.8216,"pre_BMI",0.0485,1.05,0.905,1.213,0.5159,"OR"
"bmi_prepreg","Final model, pre-pregnancy BMI","Pre-pregnancy BMI model",3482,0.8216,"`1st time pregnant`TRUE:`Cesarean Section`1",0.6883,1.99,1.109,3.582,0.02119,"OR"
"bmi_prepreg","Final model, pre-pregnancy BMI","Pre-pregnancy BMI model",3482,0.8216,"`Cesarean Section`1:b_CordPGC_mmol.L",0.2247,1.252,0.973,1.621,0.08457,"OR"
