"Block","Scenario","What was varied","n","Cesarean delivery, OR (95% CI)","First delivery, OR (95% CI)","Display item","Note"
"A","Final model, complete case","nothing (reference scenario)",3482,"2.23 (1.49 to 3.29)","0.51 (0.34 to 0.74)","Fig. 2a",""
"A","Alternative glycemic covariates","GDM and HOMA2-IR replaced by OGTT glucose (0, 60, 120 min) and fasting C-peptide",3482,"2.14 (1.44 to 3.17)","0.48 (0.32 to 0.70)","Supplementary Fig. 1",""
"A","Birth order excluded","first delivery dropped, so cases missing only birth order are retained",3996,"3.01 (2.28 to 3.96)","not in model","Supplementary Fig. 2",""
"A","Ancestry stratum: European","cohort restricted to one ancestry; ancestry terms dropped",1353,"1.92 (0.97 to 3.75)","0.30 (0.16 to 0.56)","Supplementary Fig. 5",""
"A","Ancestry stratum: Afro-Caribbean","cohort restricted to one ancestry; ancestry terms dropped",715,"2.94 (0.92 to 8.75)","0.63 (0.31 to 1.28)","Supplementary Fig. 6",""
"A","Ancestry stratum: Hispanic","cohort restricted to one ancestry; ancestry terms dropped",796,"1.45 (0.67 to 2.98)","0.82 (0.33 to 1.91)","Supplementary Fig. 7",""
"A","Ancestry stratum: Thai","cohort restricted to one ancestry; ancestry terms dropped",618,"4.04 (1.38 to 11.89)","0.64 (0.13 to 2.38)","Supplementary Fig. 8",""
"A","Continuous outcome","binary hyperinsulinemia replaced by log cord C-peptide",3482,"1.13 (1.07 to 1.19)","0.85 (0.81 to 0.88)","Supplementary Fig. 9c","linear model: exp(beta) is a fold-change, not an odds ratio"
"B","Combined delivery-order variable","mode of delivery and birth order merged into one four-level variable",3482,"Non-first born, vaginal delivery 1.99 (1.36 to 2.94); First born, Cesarean section 4.38 (2.74 to 7.02); Non-first born, Cesarean section 4.39 (2.66 to 7.26)","merged into the same variable","Fig. 2b","reference: vaginally delivered firstborn"
"B","Combined delivery-order variable, stricter outcome","same merged variable, and the outcome cutoff raised to the 95th percentile",3482,"Non-first born, vaginal delivery 1.74 (1.03 to 3.02); First born, Cesarean section 4.94 (2.65 to 9.34); Non-first born, Cesarean section 3.68 (1.84 to 7.38)","merged into the same variable","Supplementary Fig. 9a","reference: vaginally delivered firstborn"
"B","Parity in exact form","first delivery (yes/no) replaced by parity 0/1/2/3+, with cesarean by parity",3482,"Parity0: 4.37 (2.73 to 7.02); Parity1: 2.33 (1.42 to 3.79); Parity2: 2.12 (0.98 to 4.35); Parity3+: 1.79 (0.55 to 5.35)","Parity1 1.92 (1.28 to 2.91); Parity2 2.27 (1.37 to 3.73); Parity3+ 1.66 (0.83 to 3.21)","Supplementary Fig. 3","reference: vaginal delivery, parity 0"
"B","Primary versus repeat cesarean delivery","cesarean delivery split into primary and repeat; 10 impossible records excluded",3472,"Primary 2.53 (1.43 to 4.34); Repeat 2.62 (1.53 to 4.46)","0.50 (0.34 to 0.73)","Supplementary Fig. 4","reference: vaginal delivery, including instrumental"
