"term","estimate","std.error","statistic","p.value","conf.low","conf.high","OR","lo","hi"
"(Intercept)",-4.1490456144025,0.21469018436415,-19.3257350199347,3.26303226771368e-83,-4.58269113083021,-3.74046323334382,0.0157794689987094,0.0102273361294607,0.0237431019869273
"`Maternal age at OGTT`",0.0921440682990059,0.0775667988791711,1.18793181658228,0.234860273466873,-0.0600558335142839,0.244180574775717,1.09652278487427,0.941711953028603,1.27657482689096
"`Maternal BMI at OGTT`",0.0575789578252601,0.0729385350666003,0.789417524943223,0.429868016421635,-0.0868308012716326,0.19939955270141,1.059268904922,0.916832209354209,1.2206695903099
"EthnicityBlack",0.676370326010756,0.20142989030338,3.35784488087668,0.000785526818825237,0.280260923629989,1.07069045752424,1.96672618630945,1.32347509321503,2.9173931407755
"EthnicityAsian",-0.261070369022004,0.249395417865104,-1.04681301387508,0.295185827017269,-0.760045543185663,0.219500401067233,0.770226717607191,0.467645128476001,1.24545434746655
"EthnicityHispanic",0.0254854272457933,0.191927536371668,0.132786715901155,0.894362060494575,-0.352700454537321,0.400453653961037,1.02581295724143,0.702787678711089,1.49250162335793
"`Maternal GDM`",0.120002284460252,0.0651127543088766,1.84299198726865,0.0653301803897263,-0.00875015132733205,0.246687645003425,1.12749942730406,0.991288019831187,1.27977930488013
"`Age of gestation at delivery`",-0.198858767220317,0.0764888375529206,-2.599840363409,0.00932671362533201,-0.349262873662019,-0.0492617598167588,0.819665648816492,0.705207725364738,0.951931919558497
"Birthweight",0.834443447827258,0.11120812591133,7.50343952826419,6.21646684621451e-14,0.617677040248394,1.05382915625078,2.30353165591291,1.85461483846249,2.86861448753602
"`Neonatal sex (female)`2",0.850105899575316,0.142697590568407,5.95739490897562,2.56290413618477e-09,0.572889787833158,1.13275164628546,2.3398946326537,1.77338435844935,3.10418638206127
"m_HbA1c_percent",0.163529695799771,0.0774495345177452,2.11143548916105,0.0347348973596292,0.0118918195809405,0.315573802784303,1.17766032623342,1.01196280838368,1.37104579518668
"b_N_HCMn",-0.138436263770614,0.0951791139908109,-1.45448153450955,0.145812849310443,-0.327056483361874,0.0431343756698132,0.870718745830306,0.721043014942849,1.04407818413
"b_N_LNGMn",-0.151389514203469,0.09576455923782,-1.58085115629793,0.113912074545346,-0.338070977557253,0.0370351026140457,0.859512840987901,0.713144668835333,1.03772944721509
"HOMA2_IR",0.275231406359157,0.0683892153903383,4.02448550971445,5.71000095945423e-05,0.139959613332317,0.408397421688684,1.31683536368992,1.15022734406965,1.50440492552595
"WtMgain.till.OGTT",0.147232308923086,0.0637862712127242,2.30821313307488,0.0209872850735607,0.02293119631359,0.273115599809691,1.15862309025068,1.02319613745911,1.31405214022236
"b_CordPGC_mmol.L",0.673043766429445,0.0793329598511292,8.48378489460664,2.1798457669798e-17,0.518322947508326,0.829894562388219,1.96019462430883,1.67920916507181,2.29307695096022
"`Birth type`Non-first born, vaginal delivery",0.694871863594421,0.195852320663583,3.54793786073134,0.000388259809432493,0.31636834306155,1.08528054365301,2.0034523423113,1.37213557917421,2.96027018726897
"`Birth type`First born, primary cesarean section",1.48261165558737,0.241018498829574,6.15144340698817,7.67809244622997e-10,1.01060032118199,1.95710977414101,4.40443353668305,2.74724975229996,7.07883802972426
"`Birth type`Non-first born, primary cesarean section",1.61431542002728,0.331490466565874,4.86986982386258,1.11671793059334e-06,0.952469382258064,2.25555864657795,5.02444710998164,2.5921026549995,9.5406216573171
"`Birth type`Non-first born, repeat cesarean section",1.41533853897886,0.289203047380503,4.89392678188727,9.88436250380297e-07,0.843514718340767,1.97958860487671,4.11788029301701,2.32452267837955,7.2397639688361
"b_CordPGC_mmol.L:`Cesarean Section`1",0.239964851564974,0.132442383793008,1.81184334419721,0.0700104056290845,-0.0166094241572833,0.503135443442631,1.27120446868849,0.983527751806845,1.65389885576791
